SMILES,_Name,active
C[C@H](Oc1ccc(Cl)cc1Cl)C(=O)N/N=C1\C(=O)N(C/C=C/c2ccccc2)c2ccccc21,ZINC59160400,0
C[C@@H](Sc1ccc(Cl)cc1)C(=O)NN1C(=O)NC2(CCCCC2)C1=O,ZINC06993212,0
O=C1[C@@H]2[C@H](Cc3c[nH]c4ccccc34)[NH2+][C@@]3(C(=O)Nc4ccccc43)[C@@H]2C(=O)N1c1ccc(Cl)cc1,ZINC08789048,0
COc1cc([C@@H]2[C@@H]3C(=O)N(c4cccc5ccccc45)C(=O)[C@H]3ON2c2ccc(Cl)cc2)ccc1O,ZINC18117815,0
CCOC(=O)[C@H]1CCC[N@@H+](Cc2c(O)ccc3c2O/C(=C\c2c(F)cccc2Cl)C3=O)C1,ZINC41586458,0
Cc1ccccc1[C@H]1c2ccsc2CC[N@@H+]1CCC(=O)N1CCN(C(=O)c2ccc(C(C)(C)C)cc2)CC1,ZINC34830211,0
Cc1cc(O)c2c(C)c(CC(=O)N[C@@H](C)Cc3c[nH]c4ccccc34)c(=O)oc2c1,ZINC12897517,0
COC(=O)CC1=NN([C@H]2Nc3ccccc3S2)C(=O)/C1=C(/C)NCCC1=c2cc(OC)ccc2=[NH+]C1,ZINC63110566,0
C[C@H](CNC(=O)[C@H]1CN(C(=O)[C@@H]2CCCN2C(=O)C(F)(F)F)CC12CC[NH2+]CC2)Oc1ccccc1,ZINC39665028,0
COc1ccccc1-n1c(=S)[nH]c(=O)c2c(C(F)(F)F)cc(-c3cnn(C)c3)nc21,ZINC20603310,0
NC(=O)CS[C@@H]1NN=C(C2=c3ccccc3=[NH+]C2)N1Cc1ccco1,ZINC39779249,0
[NH3+]C[C@H](Oc1cccc(I)c1)c1ccc(Br)s1,ZINC43265216,0
CC(=O)c1cccc(O[C@@H](C)C(=O)N2CCC[C@H](CNS(=O)(=O)c3ccc(C)cc3)C2)c1,ZINC60359462,0
COc1ccc(N2C(=O)c3ccccc3N[C@H]2c2ccc(OC)c(O)c2)c(OC)c1,ZINC28911120,0
C[C@@H](CCC(=O)[O-])[C@@H]1CC[C@H]2[C@H]3CC[C@H]4C[C@H](O)CC[C@]4(C)[C@@H]3C[C@H](OC(=O)c3ccccc3)[C@@]21C,ZINC37246131,0
O=C(C[C@H]1S/C(=N/N=C2\CCSC(=S)N2)NC1=O)Nc1ccc(Br)cc1,ZINC39886294,0
CCCn1c(N2CC[NH+](CC(=O)Nc3cccc4ccccc34)CC2)nc2sc3c(c2c1=O)CCC3,ZINC34748211,0
C[C@H]1CCCC[N@@H+]1CCNC(=O)CCCn1c(=O)c2cccn2c2ccc(Br)cc21,ZINC33332055,0
CCOc1cc([C@H]2C(C(=O)c3ccc(OCC(C)C)cc3C)=C(O)C(=O)N2CC[NH+](C)C)ccc1O,ZINC09380489,0
Cc1ccc(NC(=O)[C@@H]2CC(=O)N(Cc3ccc(F)cc3)/C(=N/c3ccc(F)cc3)S2)c(C)c1,ZINC33719460,0
NC(=O)[C@@H]1Cc2ccccc2CN1CC(=O)N1N=C(c2cc3ccccc3o2)C[C@@H]1c1ccco1,ZINC59869334,0
CCOC(=O)C1=C(NC(=O)c2c(N)n(-c3ccc(OCC)cc3)c3nc4ccccc4nc23)S[C@H]2CCCC[C@H]12,ZINC01874848,0
Cc1ccnc(S[C@@H]2C[C@@H](C(=O)N3CCN(c4ccccc4F)CC3)[N@H+](Cc3ccc(Cl)cc3)C2)n1,ZINC11790355,0
CC1(C)CC(N2CC(=O)N3[C@@H](c4cccc([N+](=O)[O-])c4)c4[nH]c5ccccc5c4C[C@H]3C2=O)CC(C)(C)[NH2+]1,ZINC02094457,0
O=C1N[C@](Cc2ccccc2)(c2ccccc2)C(=O)N1CN1CC[NH+](Cc2ccc3c(c2)OCO3)CC1,ZINC22798877,0
CN(C)c1nc(N2CCOCC2)c2cnn(C[C@H](Cl)c3ccccc3)c2n1,CHEMBL473923,1
O=C1N/C(=N/c2ccc(Cl)cc2)S/C1=C\c1ccccc1OCc1ccccc1Cl,ZINC02094253,0
COC(=O)c1c(S(=O)(=O)Nc2ccccc2C)sc2c1CCN(C(=O)C1CCCCC1)C2,ZINC11912278,0
CCCC[C@@H](C)C(=O)N1C[C@H](C(=O)N[C@@H](Cc2ccccc2)C(=O)N2CCCCC2)C2(CC[NH2+]CC2)C1,ZINC39687292,0
Cc1ccc(-n2c(C)nnc2SCC(=O)Nc2sc3c(c2C(N)=O)CCC3)cc1,ZINC09440939,0
[H]/N=C1C(=C\c2cc(OC)c(OCCOc3cccc(C)c3)c(OC)c2)\C(=O)N=C2SN=C(SC)N2\1,ZINC20114630,0
C[C@@H]1CCCN(C(=O)C[C@H]2NC(=O)NC2=O)C1,ZINC42813512,0
Cc1ccc(-n2nc(C(C)(C)C)cc2NC(=O)Nc2ccc(OCC[NH+]3CCOCC3)c3ccccc23)cc1,CHEMBL103667,1
CCOc1cc([C@@H]2Nc3ccc(Br)cc3-c3nnc(SCC)nc3O2)cc(Cl)c1O,ZINC02087089,0
CC(C)c1ccc2nc(-n3ncc(C#N)c3N)sc2c1,ZINC62203380,0
Cn1nc(C(C)(C)C)c2c1-c1ccc(NC(=S)NC3CCCCC3)cc1C2=O,ZINC33808221,0
CC(C)(C)c1ccc2c(c1)O[C@H](C(=O)N/N=C1\C(=O)N(Cc3cccc4ccccc34)c3ccccc31)CO2,ZINC18322827,0
O=C([C@H](SC1=NN/C(=C2\C=Nc3ccccc32)N1C1CC1)c1ccccc1)N1CCOCC1,ZINC09515554,0
O=C(NCCC1=c2ccccc2=[NH+]C1)c1cc(S(=O)(=O)NC2CC2)c(Cl)cc1Cl,ZINC63830650,0
CC[C@@H](c1nnnn1Cc1ccccc1)[N@H+](Cc1ccc(F)cc1)Cc1cc2cc(C)c(C)cc2[nH]c1=O,ZINC13064639,0
CC(C)c1ccc2oc(-c3ccc(Cl)c(NC(=S)NC(=O)c4ccco4)c3)nc2c1,ZINC27828013,0
C[C@H]1CCN(C(=O)C2=CC3=[NH+][C@@H](c4ccco4)C[C@@H](C(F)(F)F)N3N2)[C@@H]2CCCC[C@H]21,ZINC13450483,0
COc1ccc(C(=O)[C@@H]2[C@H]3C(=O)N(c4ccccc4C(F)(F)F)C(=O)[C@@H]3[C@H]3c4ccccc4C=C[N@@H+]23)cc1,ZINC09317624,0
C/C=C(/C)C(=O)N1c2ccccc2C[C@H]1c1c(C)[nH]c2ccccc12,ZINC01623004,0
O=C(c1cc2c([nH]c1=O)CCCC2)N(Cc1ccco1)Cc1cc2ccc(Cl)cc2[nH+]c1N1CCCC1,ZINC11788224,0
CN1CCCc2cc([C@@H](CNC(=O)[C@@H]3CC(=O)N(c4ccccc4)C3)N3CC[NH+](C)CC3)ccc21,ZINC38672898,0
O=C1[C@@H]([C@@]2(O)C(=O)Nc3ccccc32)CCC[C@@H]1[C@]1(O)C(=O)Nc2ccccc21,ZINC04201225,0
OC1=Nc2c(ncn2-c2ccccc2Br)[C@@H](c2ccsc2)C1,ZINC36357998,0
CC(C)(C)NC(=O)[C@H](c1cccc(O)c1)N(Cc1ccco1)C(=O)C(O)(c1ccccc1)c1ccccc1,ZINC36502201,0
O=C1[C@@H]2[C@H](Cc3ccc(O)cc3)N[C@]3(C(=O)Nc4ccc(F)cc43)[C@@H]2C(=O)N1C1CCCCC1,ZINC13554301,0
C[C@@]1(c2cccc(C#N)c2)NC(=O)N(Cc2nn(-c3ccccc3)c3c2CCC3)C1=O,ZINC60350174,0
CC(C)c1ccc([C@H](C)NC(=O)CN(C)S(=O)(=O)c2ccc(Cl)cc2)cc1,ZINC29081561,0
CCc1ccc(CCNC(=O)[C@H]2CN(C(=O)c3cc(C)nn3C(C)(C)C)CC23CC[NH2+]CC3)cc1,ZINC39654506,0
Cc1cc(C)c2cc(C[N@H+](C3CCCCC3)[C@H](c3nnnn3C[C@@H]3CCCO3)C(C)C)c(=O)[nH]c2c1,ZINC13499049,0
Cc1nc(NCCNC(=O)c2c(C)nn(-c3ccccc3)c2Cl)c2c3c(sc2n1)CCCC3,ZINC13502669,0
CC[N@H+]1CCC[C@@H](NC(=O)N2CCC(NC(=O)CC3CCCC3)CC2)C1,ZINC66977437,0
O=C(N[C@]12C[C@H]3C[C@H](C[C@H](C3)C1)C2)N(CCc1csc2nc(-c3ccc(F)cc3)cn12)C[C@@H]1CCCO1,ZINC35471070,0
C[C@H](CCC(=O)N/N=C1\C(=O)Nc2cc([N+](=O)[O-])ccc21)[C@@H]1CC[C@@H]2[C@H]3[C@H](O)C[C@H]4C[C@@H](O)CC[C@@]4(C)[C@H]3CC[C@@]21C,ZINC01901370,0
CC1(C)[C@@H]2CC=C(C[N@H+]3CC[C@H]([C@]4(Cc5ccccc5F)NC(=O)NC4=O)CC3)[C@H]1C2,ZINC43609156,0
COc1ccc(OC)c(N2C(=O)[C@@H]([C@@H]3NCCC4=c5ccccc5=[NH+][C@@H]43)C(=O)N[C@H]2S)c1,ZINC63641976,0
C=CCN1C(=O)[C@@H](CC(=O)Nc2ccc(F)cc2)S/C1=N\c1ccc(OC(F)F)cc1,ZINC28316491,0
O=C(NCCOc1ccccc1F)[C@@H]1CN(C(=O)c2cc(Cl)cc(Cl)c2)CC12CC[NH2+]CC2,ZINC39685059,0
COc1ccc(C)cc1NC(=O)CSc1nnc2c3c4c(sc3nc(C3CC3)n12)CCCC4,ZINC01339565,0
COc1ccc(/C=C2\Oc3c(C[NH+]4CCN(c5ccccc5F)CC4)c(O)cc(C)c3C2=O)c(OC)c1,ZINC41585382,0
CCOC(=O)c1c(NC(=O)c2ccc(CSc3ccccc3)o2)sc2c1CC[C@@H](C)C2,ZINC39884382,0
Cc1ccc(-n2nnnc2-c2ccc(N)c(F)c2)c(F)c1,ZINC54414037,0
C[C@@H](Sc1nnc([C@H](C)[NH+]2CCCCC2)n1-c1ccc(F)cc1)C(=O)Nc1ccc2c(c1)OCO2,ZINC09207486,0
CC1(C)c2ccccc2N2CCC(=O)N[C@@]21/C=C/c1cccs1,ZINC01044424,0
CCOC(=O)CSc1nc2sc3c(c2c(=O)n1-c1ccc(C)cc1)CC[N@@H+](Cc1ccccc1)C3,ZINC08951319,0
CN1CCCc2cc([C@@H](CNS(=O)(=O)Cc3ccc(F)cc3)N3CC[NH+](C)CC3)ccc21,ZINC21775716,0
COc1c(Cl)cc(C(=O)N2C[C@H](C(=O)NCCc3ccccc3F)C3(CC[NH2+]CC3)C2)cc1Cl,ZINC39638985,0
COc1cccc2c1O[C@]1(CC[N@@H+](Cc3ccccc3)CC1)N1NC(c3ccccc3OC(F)F)=C[C@H]21,ZINC01807288,0
O=C(COc1cccc(Br)c1)Nc1c(C(=O)c2ccc3c(c2)OCO3)oc2ccccc12,ZINC38731697,0
COc1c(C(=O)N2C[C@@H](C(=O)NCc3cnn(Cc4ccccc4)c3)C3(CC[NH2+]CC3)C2)csc1Cl,ZINC39676095,0
COC1=C/C(=C/NNc2nc3ccccc3s2)C(Br)=CC1=O,ZINC04679999,0
COC(=O)[C@@H]1[C@H](NC(C)=O)c2cc(NCc3cccc(C)c3)c[nH+]c2N1CCC1=c2ccccc2=[NH+]C1,ZINC63985880,0
O=c1[nH]c(CSc2nnc(-c3cc(-c4cccs4)nc4ccccc34)o2)nc2ccsc12,ZINC09582976,0
C[C@H]1CCN(C(=O)C2(/C(N)=N/O)CCCCCC2)[C@@H](C)C1,ZINC51750369,0
Cc1nc2scc(-c3ccccc3)c2c(=O)n1/N=C/c1ccc(O)cc1O,ZINC01466019,0
O=[P@@]1(Cc2ccccc2)NN2CCc3cc(Cl)c(S(=O)(=O)Oc4ccccc4)cc3[C@@H]2CO1,ZINC39464139,0
CCOC(=O)[C@H]1CC[N@H+]([C@H](c2ccc(Cl)cc2)c2sc3nc(-c4ccco4)nn3c2[O-])CC1,ZINC22851944,0
C[C@H](NC(=O)[C@H]1CC[N@H+](Cc2nc(-c3ccc(Cl)cc3Cl)no2)CC1)c1ccc(F)cc1,ZINC38872580,0
Cc1ccc(C2=[NH+][C@H](c3ccc4c(=O)n(Cc5ccc(F)cc5)c(=O)[nH]c4c3)ON2)cc1C,ZINC64392089,0
C[C@@H]1CCCC[C@H]1NC(=O)CN1C(=O)N[C@]2(CCCCc3ccccc32)C1=O,ZINC37228461,0
COc1ccc(/C=C2\N=C(SCCCO)N(c3ccc(Cl)c(OC)c3)C2=O)cc1,ZINC39477945,0
COc1ccc(C(=O)Oc2ccc3c(c2)OC(N)=C(C#N)[C@@H]3c2ccc(OCc3ccccc3)cc2)cc1,ZINC38650899,0
O=C(Cc1cs/c(=N\S(=O)(=O)c2ccc(Cl)cc2)[nH]1)Nc1ccc2c(c1)OCO2,ZINC09818823,0
Cc1c2cnn(CC(=O)NCCC[NH+]3[C@@H](C)CCC[C@@H]3C)c(=O)c2c(C)n1Cc1ccccc1F,ZINC20417603,0
Cc1ccc2c(c1)=C[C@@H]([C@@H]1NC(CCN(C)C(=O)c3ccc(C(C)C)cc3)=NO1)[NH+]=2,ZINC65182113,0
CSc1nc(C)cc(=O)n1CC(=O)Nc1sc2c(c1C(N)=O)CCCC2,ZINC05609137,0
Cc1ccc(-c2nc(CN(CCC(C)C)c3c(N)n(Cc4ccccc4)c(=O)[nH]c3=O)cs2)o1,ZINC29713262,0
CC1CCN(S(=O)(=O)c2ccc3c(c2)N(CC(=O)NCCC[NH+]2[C@H](C)CCC[C@H]2C)C(=O)CO3)CC1,ZINC38146958,0
Cc1cc(C)c2cc(C[N@H+](CCc3ccccc3)Cc3nnnn3Cc3ccc(F)cc3)c(=O)[nH]c2c1,ZINC13032881,0
C[C@@H](NC(=O)C[NH+]1CCN(S(=O)(=O)c2cc(Cl)ccc2Cl)CC1)c1ccc(F)cc1F,ZINC30594381,0
O=c1[nH]c(CN2CCCc3ccccc32)nc2scc(-c3ccco3)c12,ZINC07674283,0
Cc1cccc(C)c1/C=C/n1cnc2c(Nc3ccc(P(C)(C)=O)cc3)nc(N3CCOCC3)nc21,CHEMBL454358,1
C=CCN1C(=O)S/C(=C\c2cc(Cl)c(O)c(Br)c2)C1=O,ZINC01131852,0
Nc1c(Oc2ccc(Br)c3cccnc23)ncnc1N1CCN(c2cccc[nH+]2)CC1,ZINC40796799,0
CCOC(=O)[C@H]1CC[N@H+](Cc2cc3cc4c(cc3n(C[C@@H]3COc5ccccc5O3)c2=O)CCC4)CC1,ZINC12470928,0
CC1=C(C(=O)N/N=C/c2ccc(Cl)cc2Cl)[C@H](c2cccc([N+](=O)[O-])c2)NC(=S)N1,ZINC59384185,0
Cc1ccc(N[C@@H]2SC(=O)N(c3ccc(F)cc3)C2=O)cc1,ZINC12112958,0
COc1cc([C@@H]2CC(=O)C3=C(C2)Nc2ccccc2N[C@@H]3c2ccc([N+](=O)[O-])cc2)ccc1OC(C)C,ZINC21252557,0
O=C(NCCOc1ccccc1F)[C@H]1CN(C(=O)c2ccc(Oc3ccccc3)nc2)CC12CC[NH2+]CC2,ZINC39685179,0
CC(=O)N[C@@H](C)c1ccc(C(=O)CSc2nc3ccccc3c(=O)n2C[C@H]2CCCO2)cc1,ZINC16633395,0
COc1ccc([C@H]2CC(=O)C3=C(C2)Nc2ccccc2N[C@@H]3c2cccc(OC)c2OC(C)C)cc1OC,ZINC20882852,0
O=C(NC[C@H]1CC[N@H+](C2CCCC2)CC1)[C@H]1CN(C(=O)c2ccc(-c3ccc(F)cc3)o2)CC12CC[NH2+]CC2,ZINC39689240,0
CC1=C(C(=O)OC(C)C)[C@@H](c2ccc(Cl)cc2)n2c(s/c(=C/c3ccc(N4CC[NH+](C)CC4)o3)c2=O)=N1,ZINC08767094,0
CC(C)(C)NC(=O)NC(=O)COC(=O)c1cc2ccccc2cc1O,ZINC05079212,0
O=C1NC(=O)N(c2ccc(Br)cc2)C(=O)/C1=C(/NCc1ccccc1C(F)(F)F)Nc1ccccc1,ZINC08757693,0
Cc1cc([C@@H](C)Nc2nnc(C)c(C)c2C#N)c(C)s1,ZINC25497734,0
C[C@@H]1c2cc3c(-c4ccccc4)coc3cc2OC(=O)[C@@H]1CCC(=O)NCCc1c[nH+]c[nH]1,ZINC53619539,0
[H]/N=C1/[C@@H](C#N)C2=CCCC[C@@H]2[C@@H](c2ccc(O)cc2)C1(C#N)C#N,ZINC00262345,0
COc1ccc(-c2coc3c(C[NH+]4CCCCCC4)c(=O)ccc-3c2O)cc1OC,ZINC06007232,0
O=C1N(Cc2ccccc2)C(=O)[C@]2(CC[N@H+](Cc3cc4ccccc4[nH]3)CC2)N1CCc1ccccc1,ZINC14742293,0
CCCOc1ccc([C@H]2CN3C(=O)N(c4cccc(F)c4)C(=O)[C@]3(C)[C@@H]3[NH+]=c4ccccc4=C32)cc1OCC,ZINC63373253,0
C[NH+](C)CCOc1ccccc1/C=N\N1CCN([C@H]2Cc3ccccc3Sc3ccc(Cl)cc32)CC1,ZINC19802157,0
COC(=O)CNC(=O)N1CCc2[nH]c[nH+]c2[C@@H]1c1cc(F)ccc1F,ZINC20734040,0
CO[C@H]1[C@H](NC(=O)c2ccco2)c2ccccc2[C@]12CC[N@H+](Cc1ccc3cccc(F)c3n1)CC2,ZINC12022196,0
CCOc1cc([C@H]2C(C#N)=C(N)OC3=C2C(=O)CC(C)(C)C3)ccc1OCc1cccc2ccccc12,ZINC08438234,0
CCOC(=O)[C@H]1CC[N@H+]([C@@H](c2cc3cccc(C)c3[nH]c2=O)c2nnnn2Cc2ccc(OC)cc2)CC1,ZINC06194710,0
C[C@@H]1[NH+]=c2ccc(C#N)cc2=C1CCNC(=O)[C@H]1CN(C(=O)c2ccccc2Cl)CC12CC[NH2+]CC2,ZINC39674591,0
COc1ccc(NC(=O)[C@@H](c2ccc(C)cc2)N(Cc2ccco2)C(=O)CC2=c3ccccc3=[NH+]C2)cc1,ZINC63617053,0
Cc1cc(C)c(S(=O)(=O)NCCC2=c3cc(OC(F)(F)F)ccc3=[NH+][C@H]2C)cc1C,ZINC63514175,0
Cc1cccc(C)c1/C=C/n1cnc2c(Nc3ccc(P(C)(C)=O)cc3)nc(Oc3cccnc3)nc21,CHEMBL518166,1
CCNC(=O)NC(=O)[C@@H](C)Sc1nc2sc3c(c2c(=O)n1-c1ccccc1F)CC[C@H](C)C3,ZINC09482087,0
NNc1nc(-c2ccc3ncccc3c2)nc2sccc12,ZINC62802589,0
COc1ccc([C@H]2CC(=O)C3=C(C2)Nc2ccccc2N[C@@H]3c2cc3c(cc2[N+](=O)[O-])OCO3)cc1OC,ZINC00709737,0
CNc1ncc2c(n1)N(C)C(=O)N(c1cc(NC(=O)c3cc(-n4c[nH+]c(C)c4)cc(C(F)(F)F)c3)ccc1C)C2,CHEMBL485854,1
COc1ccccc1[C@@H]1C[C@@H](C(F)(F)F)n2nccc2N1,ZINC02774940,0
Cc1ccc(S(=O)(=O)Nc2ccc(C(=O)C[C@@]3(O)C(=O)Nc4ccc(Br)cc43)cc2)cc1,ZINC04647214,0
CCOc1cc(Cl)c(S(=O)(=O)NCCC2=c3cccc(C)c3=[NH+][C@@H]2C)cc1Cl,ZINC63312603,0
C[C@@H]1CC(C)(C)C[C@@]2(C1)NC(=O)N(CC(=O)OCc1csc(-c3ccc(Cl)cc3)n1)C2=O,ZINC39580206,0
C[C@@H](CNC(=O)[C@H]1CN(C(=O)c2cccnc2Sc2ccccc2)CC12CC[NH2+]CC2)Oc1ccccc1,ZINC39665318,0
Cc1nc(CNC(=O)[C@@H]2CN(C(=O)[C@H](Oc3ccccc3)C(C)C)CC23CC[NH2+]CC3)cs1,ZINC39682189,0
CC(C)(C)c1ccc(-c2nnc(SCC(=O)N/N=C/c3ccc(O)c(O)c3)n2-c2ccccc2)cc1,ZINC02372869,0
CC(=O)N(C)c1nc(CN2C(=O)N[C@@](C)(c3ccc4ccccc4c3)C2=O)cs1,ZINC52876117,0
CC[NH+](CC)CCCN1C(=O)C(O)=C(C(=O)c2ccc3c(c2)C[C@H](C)O3)[C@H]1c1ccc(O)c(OC)c1,ZINC09453424,0
Cc1ccc2[nH]c(=O)c([C@H](c3nnnn3C3CCCC3)[N@@H+](Cc3cccs3)C[C@@H]3CCCO3)cc2c1,ZINC06409030,0
Cc1ccc(-n2c(=O)c3ccccc3n3c(S[C@@H](C)C(=O)N[C@@H]4CCCC[C@@H]4C)nnc23)cc1,ZINC36801293,0
O=C(/C=C/c1ccc2c(c1)OCO2)C[C@]1(O)C(O)=Nc2ccc(Br)cc21,ZINC02314617,0
C[C@H](NC(=O)[C@@H]1CN(C(=O)c2ccc(Oc3ccccc3)nc2)CC12CC[NH2+]CC2)c1ccncc1,ZINC39681095,0
CCc1nc(CC(=O)Nc2c(C)cnn2[C@H]2CCCc3ccccc32)cs1,ZINC60378553,0
O=c1[nH]c(CSc2ncnc3sc4c(c23)CCCC4)nc2scc(-c3ccccc3)c12,ZINC02633618,0
CC(C)c1ccc(-c2c[nH]c(=O)nc2N)cc1,ZINC49821422,0
CC(C)c1nc([C@H]([NH3+])c2ccc(Cl)c(F)c2)no1,ZINC49808706,0
CCc1nn(-c2ccccc2)c(Oc2ccccc2F)c1C[N@H+](C[C@H](O)COCc1ccccc1)C1CC1,ZINC36303146,0
O=C(CC[C@@]1(Cc2cccc3ccccc23)CCC(=O)N1)NCC1=C[C@@H](c2ccccc2)[NH+]=N1,ZINC39364549,0
C[C@H](c1nc2scc(-c3cccs3)c2c(=O)[nH]1)[N@H+](C)Cc1ccccc1N1CCOCC1,ZINC09336545,0
COC(=O)C1=C(C)N=C2SC=C(/C=C(\[O-])NCC[NH+]3CCCCC3)N2[C@@H]1c1ccccc1OC,ZINC34923719,0
Cc1ccc(CNC(=O)CSc2nc3n[nH]c(C)c3c(N)[n+]2-c2cc(C)ccc2C)cc1,ZINC49539733,0
CCOC(=O)c1c(Nc2nc3ccccc3nc2Sc2cccc3cccnc23)sc2c1CCCC2,ZINC12602671,0
O=C(C1=c2ccccc2=[NH+]C1)[C@@H](S[C@@H]1NN=C(c2ccco2)N1Cc1ccccc1)c1ccccc1,ZINC39945154,0
CCOC(=O)[C@@H]1[C@@H](c2ccc(OCc3ccc(Cl)cc3)c(OC)c2)NC(=S)N[C@]1(O)C(F)(F)F,ZINC06147997,0
C/C(=N\Nc1nc(SCC(N)=O)n[nH]1)[C@]12C[C@H]3C[C@H](C[C@H](C3)C1)C2,ZINC20159842,0
COc1ccc(CC[C@H](C)NC(=O)[C@H]2CN(C(=O)c3cc(C)nn3C(C)(C)C)CC23CC[NH2+]CC3)cc1,ZINC39675410,0
Cc1c(OCc2ccccc2)ccc2c1O[C@]1(CC[N@@H+](CC(=O)Nc3cccc(C#N)c3)CC1)CC2=O,ZINC39227187,0
CC(C)Cc1ccc([C@H](C)C(=O)Nc2ccc(S(=O)(=O)N(C)c3ccccc3)cc2)cc1,ZINC66198706,0
Cc1cc(NC(=O)CSc2nc3sc4c(c3c(=O)n2-c2ccccc2)CCCC4)n(C)n1,ZINC10521494,0
N#C[C@@H](NC(=O)c1cccc(N2CCNC2=O)c1)c1cccc(Cl)c1Cl,ZINC66392443,0
CCOC(=O)c1ccc(NC2=C[C@@H](c3ccc(O)cc3)N(c3ccc(C(=O)OCC)cc3)C2=O)cc1,ZINC00720637,0
C=CC[NH+]1CCN(c2nc(SCC(=O)NCc3ccccc3)nc3sc4c(c23)CC(C)(C)OC4)CC1,ZINC34750230,0
COc1ccc(Cl)cc1NC(=O)C[N@H+](C)CC(=O)N(CC(C)C)c1c(N)n(CC(C)C)c(=O)[nH]c1=O,ZINC12542668,0
COc1ccc(NS(=O)(=O)c2cccc(N[C@@H]3CC(=O)N(c4ccc(Cl)cc4)C3=O)c2)cc1,ZINC09662193,0
CCN(CC)S(=O)(=O)c1ccc(O)c(NC(=O)c2cc3cc(Br)ccc3o2)c1,ZINC58773792,0
N#CC1=C(N)Oc2cc(OC(=O)COc3ccccc3[N+](=O)[O-])ccc2[C@H]1c1cccc(F)c1,ZINC38677851,0
CCOc1ccccc1-n1nnc(-c2nc(-c3ccc(Br)cc3)no2)c1N,ZINC11691842,0
C=CCn1c(C[C@]23C[C@H]4C[C@H](C[C@H](C4)C2)C3)nnc1SCC(=O)Nc1nnc(C)s1,ZINC19642071,0
C[C@H]1CCCC[N@@H+]1CCCNC(=O)C[C@@H](c1ccsc1)c1c[nH]c2ccccc12,ZINC33644050,0
Cc1cnc2c(S(=O)(=O)N3CC[NH+]([C@H](C)C(=O)N[C@H]4CCCC[C@@H]4C)CC3)cccc2c1,ZINC29834340,0
COc1ccc(C(C)=O)cc1CC(=O)NC[C@@H](C1=c2ccccc2=[NH+]C1)c1ccc(N(C)C)cc1,ZINC63844031,0
Cc1nc2sc([C@@H](c3ccccc3C)[N@@H+]3CCC[C@H](C)C3)c([O-])n2n1,ZINC36274567,0
C[C@@H]1[C@H]2C[C@@H](C[C@H]1C(=O)N(C)[C@@H](C(=O)NC1CCCCC1)[C@@H](C)c1ccccc1)C2(C)C,ZINC36525600,0
Cc1ccc(-n2c(S[C@H](C(=O)NC(N)=O)C(C)C)nc3sc4c(c3c2=O)CCC4)c(C)c1,ZINC22572367,0
CCC1(CC)Cc2ccccc2-c2[nH]c(=O)n(C(C)C)c(=O)c21,ZINC15841578,0
COc1ccc([C@H](CNC(=O)CN2CCN(c3ccccc3O)CC2)C2=c3ccccc3=[NH+]C2)cc1,ZINC63831599,0
CCc1nn(-c2ccc(F)cc2)c(N2CC[NH+](C(C)C)CC2)c1CN(CC(C)C)C(=O)c1ccccc1F,ZINC34835338,0
CC(C)[C@H](NC(=O)CN1C(=O)N[C@@H](CC2=c3ccccc3=[NH+]C2)C1=O)c1ccc2c(c1)OCCCO2,ZINC64733836,0
O=C(NCc1ccc2c(c1)OCO2)c1cc2cc([C@]3(O)CC[N@@H+](CC4CCCCC4)CC3)ccc2o1,ZINC12034262,0
CCOC(=O)C1=C(C[N@@H+]2[C@@H]3CC[C@H]2C[C@](O)(c2ccc(F)cc2)C3)NC(=O)N[C@@H]1c1ccc(Cl)cc1,ZINC13565846,0
CCn1c(SCC(=O)N[C@@H]2CC[N@@H+](Cc3ccccc3)C2)nnc1-c1ccc(C(C)(C)C)cc1,ZINC24142776,0
CCc1cc(N)cc2c1O[C@H](CC)C(=O)N2,ZINC62528222,0
O=c1[nH]c(-c2ccc(S(=O)(=O)NC3CC3)cc2)nc2sc3c(c12)CCC3,ZINC50807523,0
C[C@H]1CCc2c(sc3nc(C[N@H+](Cc4ccco4)C[C@H](O)COC(C)(C)C)[nH]c(=O)c23)C1,ZINC36204992,0
CSn1c2c(c3ncc(-c4ccccc4O)cc3c1=O)N[C@@H](Cc1ccccc1)CC2=O,ZINC39449060,0
Cc1ccc([C@H](NC(=O)CN2C(=O)N[C@@]3(CCCc4ccccc43)C2=O)c2ccccc2)cc1C,ZINC12806616,0
C[NH2+][C@H]1CCc2cc(OC)c(OC)c(OC)c2-c2ccc(NCc3ccc(F)cc3)c(=O)cc21,ZINC12658186,0
Cc1cccc(C)c1NC(=O)CS[C@H]1N=N[C@H]([C@H](CC2=c3ccccc3=[NH+]C2)NC(=O)OC(C)(C)C)O1,ZINC63425954,0
O=C(NCCCOC1CCCCC1)[C@H]1CCC[N@@H+](Cc2nc(-c3ccc(Cl)cc3Cl)no2)C1,ZINC31055869,0
CC[NH+](CC)CCN1C(=O)C(=O)/C(=C(/O)c2ccc(Br)cc2)[C@H]1c1ccc([N+](=O)[O-])cc1,ZINC09275544,0
Cc1cc(/C=C2\C(=O)NC(=S)N(c3ccccc3F)C2=O)c(C)n1-c1ccc(C(=O)[O-])c(Cl)c1,ZINC02158869,0
CCn1c(=O)c(=O)[nH]c2cc(C3=[NH+][C@@H]([C@H](NS(=O)(=O)c4ccccc4)C(C)C)ON3)ccc21,ZINC64890613,0
Cc1c(CCC(=O)N(C(=O)NC(C)C)C(C)C)c(=O)oc2c(C)c(O)ccc12,ZINC05354854,0
O=C(NC1CCOCC1)/C(=C\c1ccc(-c2cccc([N+](=O)[O-])c2)o1)NC(=O)c1ccccc1,ZINC19893199,0
CN(C(=O)N[C@@H]1CCc2ccccc21)[C@H]1CCc2ccccc21,ZINC45305072,0
CC[C@@H]1Nc2ccc(Br)cc2C(=O)N1NC(=O)[C@@H](C)Oc1ccc2ccccc2c1,ZINC39920410,0
N#CC1=C(N)Oc2cc(OC(=O)COc3ccc(Cl)cc3)ccc2[C@H]1c1ccc(Cl)c(Cl)c1,ZINC38655710,0
O=C1C[C@@H](C(=O)NCc2ccc(-c3nc4ccccc4s3)o2)c2ccccc2N1,ZINC09871043,0
COc1cc(NC(=O)C2=C(C)NC(=O)N[C@H]2c2ccc(Br)cc2)c(OC)cc1Cl,ZINC35668696,0
Cc1ccc(S(=O)(=O)N[C@H]2CO[C@H]3[C@@H]2OC[C@H]3OC(=O)NC2CCCCC2)cc1,ZINC06131139,0
CCC[C@H]1C[C@]2(O)C[C@@](C#N)(C(=O)N2)C1(C#N)C#N,ZINC00128052,0
Cc1sc2nc(CN3c4ccc(S(N)(=O)=O)cc4C[C@@H]3C)nc(N)c2c1C,ZINC08710816,0
COc1ccc(-c2csc(N3N=C(c4ccccc4)/C(=N\Nc4cccc5ccccc45)C3=O)n2)cc1,ZINC17919604,0
CC[C@@H](c1nnnn1C[C@@H]1CCCO1)[N@@H+](Cc1ccc(F)cc1)Cc1cc2c(C)cc(C)cc2[nH]c1=O,ZINC13064855,0
Cc1cccc(N[C@H]2[NH+]=c3ccccc3=N/C2=N\S(=O)(=O)c2ccc(Br)cc2)c1C,ZINC39980367,0
C[C@@H](Sc1nnc(-c2ccc(Cl)cc2)n1C)c1nc2scc(-c3ccco3)c2c(=O)[nH]1,ZINC18259377,0
Cc1cc(C(=O)[O-])cc(S(=O)(=O)Nc2nc3c(s2)C[N@H+](C)CC3)c1C,ZINC13079048,0
Cc1nn(C(C)C)c(C)c1/C=N/Nc1nnc(SCC(=O)Nc2ccccc2Oc2ccccc2)n1N,ZINC20911436,0
[H]/N=C1/S[C@H]2CCCCC2=C1c1nc(Cc2cccs2)no1,ZINC52899607,0
COc1ccc([C@@H]2C(C#N)=C(N)Oc3cc(OC(=O)[C@H](C)Oc4ccc(C(C)C)cc4)ccc32)cc1OC,ZINC38658641,0
CCc1ccc2[nH]c(=O)c([C@@H](c3nnnn3C(C)(C)C)[N@@H+](Cc3cccs3)C[C@@H]3CCCO3)cc2c1,ZINC06197900,0
CCOC(=O)C1=C(N)n2c(s/c(=C\c3c(F)cccc3Cl)c2=O)=C(C(N)=O)[C@H]1c1c(F)cccc1Cl,ZINC01817123,0
Cc1ccccc1CNC1=[NH+]CCNC12CCN(S(=O)(=O)c1ccc(C(C)C)cc1)CC2,ZINC65074844,0
CC1=NN(c2ccc(Br)cc2C)C(=O)/C1=C\Nc1ccc2[nH]c(=O)[nH]c2c1,ZINC20036808,0
CCc1ccc2c(c1)[C@]1(C(=O)N2)[C@H]2C(=O)N(c3ccccc3C(F)(F)F)C(=O)[C@H]2[C@H]2CCC[N@H+]21,ZINC35855438,0
CCCOc1ccccc1[C@@H]1C(C#N)=C(N)Oc2cc(OC(=O)COc3ccc(Cl)c(C)c3)ccc21,ZINC38681672,0
COc1cc(/[NH+]=c2\oc3ccccc3cc2C(=O)Nc2ccc(C)cc2C)cc(OC)c1,ZINC67297140,0
CCc1ccccc1S(=O)(=O)N1CCc2c([nH]c3ccccc23)[C@@H]1c1ccc(SC)cc1,ZINC40451124,0
CCN1CC[NH+](Cc2ccc(NC(=O)Nc3ccc(Oc4cc(NC)ncn4)cc3)cc2C(F)(F)F)CC1,CHEMBL574738,1
COC(=O)[C@H](c1ccc(F)cc1Cl)[C@@H]1C=C[C@@H](NC(=O)c2ccc(F)c(Cl)c2)C1,ZINC37341705,0
Cc1cc(C)cc(NC(=O)CN2C(=O)N[C@@]3(CCCc4ccccc43)C2=O)c1,ZINC04285141,0
COc1ccc(/N=C2/NC(=O)/C(=C\c3ccc(Sc4ccc(C)cc4)c([N+](=O)[O-])c3)S2)cc1,ZINC32124712,0
COCCc1nnc2n1N[C@@H](c1ccc(C)c(C)c1)CS2,ZINC36152902,0
O=C1c2cccc3cccc(c23)N1C[N@H+]1CC[C@H](NS(=O)(=O)c2cccs2)CC1,ZINC27534982,0
CCOC(=O)c1ccc2c(c1)N(Cc1ccccc1C)C(=O)c1ccccc1[S@@]2=O,ZINC04078513,0
COc1ccc(Cl)cc1NC(=O)[C@@H]1[C@@H]2C(=O)N(c3ccccc3F)C(=O)[C@@H]2[C@H]2c3ccccc3C=C[N@@H+]12,ZINC09307892,0
CC(C)=CC(=O)N(Cc1ccc(C)o1)[C@@H](C(=O)NC(C)(C)C)c1ccco1,ZINC36599485,0
Cc1sc2ncnc(SCC(=O)N[C@@H]3CCCC[C@H]3C)c2c1C,ZINC00422602,0
OCCOCC[NH2+]Cc1cc(Br)ccc1OCc1ccc(Cl)c(Cl)c1,ZINC40739812,0
CC(=O)c1c(C)[nH]c(C(=O)CSc2nnc([C@@H](C)[NH+](C)C)n2-c2ccc(Cl)cc2)c1C,ZINC03376050,0
CC1(C)C[C@@H](NC(=O)c2ccc(C[N@H+]3CC[C@H](C(O)(c4ccccc4)c4ccccc4)CC3)[nH]c2=O)CCO1,ZINC15069342,0
O=C(Nc1cccc(Nc2nccc(-c3cccnc3)n2)c1)c1cccs1,CHEMBL56359,1
CC(=O)c1ccc(NC(=O)[C@H](C)Sc2nnc(-c3ccc(O)cc3)n2Cc2ccco2)cc1,ZINC12495289,0
CCc1c(C)sc(NC(=O)c2ccc(Cn3nc(C)c(Br)c3C)o2)c1C(N)=O,ZINC02743107,0
COc1cccc(C(=O)N2CCC3(CC2)C[C@@H]3C(=O)NCCCc2ccccc2)c1OC,ZINC11841634,0
N#Cc1ccc(Sc2nc(N)cc(N)n2)c(N)c1,ZINC41023371,0
CCC(=O)N1c2ccccc2NC2=C(C(=O)C[C@@H](c3ccc(OC)cc3)C2)[C@H]1c1cccc([N+](=O)[O-])c1,ZINC01211195,0
COc1ccc(/C=C(\NC(=O)c2cccc([N+](=O)[O-])c2)C(=O)NCCC2=c3ccccc3=[NH+][C@H]2C)cc1,ZINC63513892,0
Cc1c(C(=O)NCc2ccc(F)cc2)oc2ccc3c(c12)C(=O)CC1(CCCCCC1)O3,ZINC09251429,0
Cc1oc(-c2ccc(OC(C)C)cc2)nc1C[N@H+]1CC[C@H](C(=O)N[C@H](C)c2ccc(F)cc2)CC1,ZINC40985183,0
N/C(=N\O)c1ccc(N2CCC[C@@H]3CCCC[C@@H]32)cc1,ZINC57619999,0
COC(=O)[C@@H]1C[C@@H](NC(=O)c2[nH]c3ccc(Cl)cc3c2C)C[N@H+]1Cc1cc(C)ccc1C,ZINC12283467,0
NC(=O)c1ccsc1NC(=O)CSc1nnc(-c2csc3c2CCCCC3)n1C[C@@H]1CCCO1,ZINC39966991,0
Cc1cc2c(cc1C)=[NH+]C(=O)[C@@H]([C@H]([C@@H]1N=NNN1C(C)(C)C)N1CCc3ccccc31)C=2,ZINC39711225,0
CNC(=O)NC(=O)[C@@H](C)Sc1nc2ccccc2c(=O)n1-c1ccccc1,ZINC15225539,0
CC(C)CNC(=O)NC(=O)[C@H](C)Sc1nnc(N2C[C@@H](C)C[C@H](C)C2)n1Cc1ccco1,ZINC45779248,0
COc1ccc2c(c1)=C1CCN3C(=O)N([C@@H](C)C(=O)NCc4c(F)cccc4Cl)C(=O)[C@]3(C)[C@H]1[NH+]=2,ZINC63363016,0
C/C(=N/Nc1cc(-c2ccccc2)nc(-c2ccc(Br)cc2)n1)c1ccc([N+](=O)[O-])cc1,ZINC12378986,0
CCOC(=O)C1=C(C)NC(=S)N[C@H]1c1cc2c(cc1Cl)OCO2,ZINC02482015,0
N#CC1=C(N)C(C#N)(C#N)[C@@H](c2ccc(F)cc2)[C@H]2CN(C(=O)OCc3ccccc3)CC=C12,ZINC09113437,0
Cc1ccn(NCS(=O)(=O)c2ccc(Cl)cc2)c(=O)c1CC(=O)NCc1cc[nH+]c(N)c1,ZINC29040412,0
COc1ccc([C@H]2NN[C@H](S)N2/N=C/C2=c3ccccc3=[NH+]C2)cc1,ZINC39575913,0
Cc1ccccc1OCC(=O)NNC(=O)[C@@H](C)Oc1ccc(C(C)C)cc1,ZINC08110423,0
CC[NH+](CC)CCN(C(=O)c1cc2c(ccc3ccccc32)oc1=O)c1nc2c(F)cccc2s1,ZINC36638038,0
CCOC(=O)[C@H]1CCC[N@@H+](Cc2c(O)ccc3c2O/C(=C\c2ccc(Cl)c(Cl)c2)C3=O)C1,ZINC41586510,0
C[C@H]1CC[N@H+]([C@@H](CNC(=O)NNC(=O)[C@H]2CCCO2)c2ccccc2)CC1,ZINC57854906,0
CC(=O)N[C@H](CC1=c2ccccc2=[NH+]C1)C(=O)OC[C@H]1CC(=O)N2C3=C(CCCC3)S[C@@H]2N1,ZINC63731554,0
COc1ccc([C@H]2CC(=O)C3=C(C2)Nc2ccccc2N[C@H]3c2cc3c(cc2[N+](=O)[O-])OCO3)cc1OC,ZINC00709739,0
C[C@@H](C(=O)Nc1sc2c(c1C#N)CCCCC2)[NH+]1CCN(S(=O)(=O)c2ccccc2)CC1,ZINC09778674,0
O=C(/C=C/c1cn(C[C@H](O)C[NH2+]CCc2c[nH]c3ccccc23)c2ccccc12)c1ccc(Br)cc1,ZINC08770134,0
CC(C)[C@H]([NH2+]CCc1ccccc1)c1cccc(COc2nn3c(C(F)(F)F)nnc3c3ccccc23)n1,ZINC26499399,0
Cc1ccc(-c2csc3nc(C[N@@H+](Cc4ccccc4)C[C@@H](O)COC(C)(C)C)[nH]c(=O)c23)cc1C,ZINC36205293,0
O=C(N/N=C/c1c(O)ccc2ccccc12)C1CCN(S(=O)(=O)c2ccc(Br)cc2)CC1,ZINC58985760,0
C[C@]12CN3C[C@](C)(C[N@@H+](C1)[C@H]3c1ccc(OP(=O)(Oc3ccccc3)Oc3ccccc3)cc1)C2=O,ZINC19320429,0
CCCCCNC(=O)[C@@H]1CN(C(=O)c2c(-c3ccccc3)noc2C)CC12CC[NH2+]CC2,ZINC39623526,0
CC(C)(C)n1ccnc(N[C@@H]2CCCCC[C@@H]2[NH3+])c1=O,ZINC63214265,0
CC(C)c1c(C(=O)NCC(C)(C)[NH+]2C[C@H](C)C[C@@H](C)C2)cnn1-c1ccc(C(F)(F)F)cn1,ZINC59989990,0
[NH2+]=C(N/N=C/c1ccc2c(c1)OCO2)S[C@H]1CC(=O)N(c2cc(Cl)ccc2Cl)C1=O,ZINC18129725,0
CC(C)c1ccc([C@H]2C(C#N)=C(SCC(=O)Nc3nccs3)N=C3CCCC([O-])=C32)cc1,ZINC02378618,0
CC(C)COC[C@H](O)C[N@@H+](CC(=O)N(CCc1c[nH]c2ccccc12)Cc1ccc(C(C)(C)C)cc1)C(C)C,ZINC35842649,0
C[C@@H]1CCC[C@@]([NH3+])(c2nc([C@H]3CC[C@@H](C)CC3)no2)C1,ZINC44983174,0
CC(C)[N@@H+]1CC[C@@H](CNC(=O)N2CCC[C@@H](C(=O)NC3CCCCC3)C2)C1,ZINC62412158,0
CCN1C(=O)N[C@@H](c2ccc(Cl)cc2Cl)C2=C1CN(CC(=O)NCCCc1ccccc1)C2=O,ZINC34793331,0
Oc1ccccc1/C=N/c1cccc(C2=NN(c3ccccc3)[C@H](c3ccccc3)C2)c1,ZINC05488114,0
CC[C@H](C)c1nc(N2CCN(C(=O)Nc3ccc(C#N)cc3)CC2)c2c3c(sc2n1)C[C@@H](C)CC3,ZINC35867273,0
C=C(C)COc1cc2c(cc1Cl)[C@H](C)[C@H](CC(=O)NCCC1=c3ccccc3=[NH+]C1)C(=O)O2,ZINC63491067,0
CC[C@@H](C)NC(=O)[C@H](CCSC)NC(=O)[C@@H]1CC2=c3ccccc3=[NH+][C@H]2[C@H]2c3ccccc3C(=O)N21,ZINC63384343,0
CC[NH+](CC)CCN(C(=O)[C@H]1CCCN1S(=O)(=O)c1cccs1)c1nc2c(C)ccc(C)c2s1,ZINC36704398,0
NS(=O)(=O)c1ccc(CC(=O)Nc2cc3c(cc2Br)OCCO3)s1,ZINC32831100,0
C[C@@H](S[C@H]1NN=C(C2=c3ccccc3=[NH+]C2)N1C1CC1)C(=O)Nc1c(F)cccc1F,ZINC39995188,0
Nc1c2c(-c3cccc(F)c3)nc(NCC3CC3)nc2nn1-c1cc(F)ccc1F,ZINC37376877,0
Cc1ccc(-c2nnn(CC(=O)N(c3ccccc3F)[C@H](C(=O)NC3CCCC3)c3ccc(O)cc3)n2)cc1,ZINC12702988,0
CCOc1ccc([C@@H]2Oc3ccccc3C3=C2[C@@H](c2ccc(OCC)c(OC)c2)N2N=CNC2=N3)cc1,ZINC09344980,0
O=C(N[C@H](c1ccccc1)c1ccc2nc[nH]c2c1)[C@H]1CCCN(S(=O)(=O)c2cccs2)C1,ZINC25145974,0
CC(=O)O[C@H]1CC[C@@]2(C)[C@H](CC[C@H]3[C@H]2CC[C@@]2(C)[C@H]3CC[C@H]2[C@H](C)[NH3+])C1,ZINC36378923,0
CC(C)(Oc1ccc(Cl)cc1)C(=O)N1CCN(c2ccc(-c3noc(C4CCCC4)n3)c[nH+]2)CC1,ZINC44096510,0
O=c1c(CO)c(Sc2n[nH]nc2-c2ccccc2)nc2ccccn12,ZINC44198891,0
NS(=O)(=O)c1ccc(CCNC(=O)CSc2ccc(S(=O)(=O)N3CCCCC3)cn2)cc1,ZINC08826460,0
O=C1N=C([O-])C2(C(=O)N1)[C@@H](c1ccc(OC(F)F)cc1)NC(=O)N[C@@H]2c1ccc(OC(F)F)cc1,ZINC20133143,0
Cc1nn(C)cc1CNC(=O)c1cnn2c1N[C@@H](c1ccc(Br)cc1)C[C@@H]2C(F)(F)F,ZINC13124046,0
COC(=O)c1cc(C)sc1N1C(=O)[C@@H]2[C@@H](CN[C@]23C(=O)Nc2ccc(Br)cc23)C1=O,ZINC20623135,0
CCCCCCNC(=O)C[N@H+]1CC[C@]2(O)CCCC[C@@H]2[C@@H]1c1cc(OC)c(OC)c(OC)c1,ZINC16032406,0
CC[C@H](C)[C@@H](NC(=O)c1ccccc1)C(=O)N[C@@H](C)c1ccc2[nH]c(=O)[nH]c2c1,ZINC58385151,0
C[N@H+](CC(=O)/N=c1/[nH]c(-c2c[nH]c3ccccc23)cs1)Cc1cc([N+](=O)[O-])ccc1Cl,ZINC22357936,0
O=C1[C@H]2[C@@H](CC3=c4ccccc4=[NH+]C3)N[C@@]3(C(=O)Nc4c(Cl)cccc43)[C@H]2C(=O)N1C[C@@H]1CCCO1,ZINC63479813,0
Cc1ccc(NC(=O)C[C@H]2S/C(=N/N=C/c3ccc(O)cc3)N(c3ccc(O)cc3)C2=O)cc1,ZINC39715065,0
Cc1ccc(C2=NN(C(=O)C[N@H+](C)[C@H](C)c3ccc(S(N)(=O)=O)cc3)[C@@H](c3ccco3)C2)cc1,ZINC23259768,0
CC[C@H](C(=O)N(Cc1nn(-c2ccccc2OC)c2c1C[N@H+](CC)CC2)CC(C)C)c1ccccc1,ZINC34762159,0
CC1(C)N2C[C@@H]3[NH+]=c4ccccc4=C3C[C@H]2C(=O)N1[C@@H](Cc1ccc(O)cc1)C(=O)OCc1ccccc1,ZINC52636816,0
CC(C)(C)[C@H]1CCc2c(sc(NC(=O)c3ccccc3[N+](=O)[O-])c2C(=O)N[C@@H]2CCS(=O)(=O)C2)C1,ZINC39836488,0
COc1ccccc1-c1cc([C@H]2C[N@@H+]3CC[C@H]2C[C@@H]3COC(=O)NC2CCCCC2)nc(C)n1,ZINC08622889,0
CCCOc1ccc([C@H]2CN3C(=O)N(c4cccc(C)c4)C(=O)[C@]3(C)[C@H]3[NH+]=c4ccccc4=C23)cc1OCC,ZINC63372169,0
COc1ccccc1[C@H]1[NH2+][C@@](Cc2ccc(O)cc2)(C(=O)[O-])[C@@H]2C(=O)N(c3ccc(C(C)=O)cc3)C(=O)[C@@H]12,ZINC33597592,0
Cc1ccc(-c2nc(SCC(=O)N3CC(=O)Nc4ccccc43)[nH]c2-c2ccc(C)cc2)cc1,ZINC25388092,0
C[N@@H+]1CCc2c(sc(NC(=O)c3ccc(S(=O)(=O)N4C[C@@]5(C)C[C@@H]4CC(C)(C)C5)cc3)c2C(N)=O)C1,ZINC08766598,0
Cc1ccccc1-n1c([C@H](C)N(CC(C)C)C(=O)N[C@]23C[C@H]4C[C@H](C[C@H](C4)C2)C3)nc2ccccc2c1=O,ZINC40360556,0
COC(=O)C1=C(N)Oc2cc(C)[nH]c(=O)c2[C@H]1c1ccccc1,ZINC18266111,0
C[C@@H](Sc1nc(-c2ccccc2)c[nH]1)C(=O)c1c(N)n(C)c(=O)n(C)c1=O,ZINC27659950,0
COC(=O)c1ccc(NC(=O)N2CCC3=c4ccccc4=[NH+][C@@H]3[C@H]2c2ccc(C)cc2)cc1,ZINC63506494,0
Cc1ccccc1OC[C@H]1Nc2ccccc2C(=O)N1/N=C/[C@H]1C=NN=C1c1ccc(Br)cc1,ZINC38600661,0
C[C@@H]1CCC[C@@H](N(C)c2cc3c(cc2N)OCCO3)C1,ZINC49010115,0
O=C(c1ccc(F)cc1)[C@H]1[C@H](c2ccc([N+](=O)[O-])cc2)[C@H]2CSC[N@H+]2[C@@]12C(=O)Nc1ccccc12,ZINC09360542,0
CC1=C(C(=O)OC(C)C)[C@H](c2ccc(C)cc2)N2C(/C=C(\[O-])NCC[C@@H]3CCC[N@H+]3C)=CSC2=N1,ZINC34923383,0
CC(C)NC(=O)c1coc(C[N@H+](Cc2ccc(C(C)(C)C)cc2)[C@@H](C)c2ccccc2)n1,ZINC35704840,0
O=C(NC1CCCCC1)[C@@H](c1ccc(F)cc1)N(C(=O)Cn1nnc2ccccc21)c1ccc2c(c1)OCO2,ZINC00902405,0
C[C@H]1CNC(=O)c2cc(NS(=O)(=O)Cc3ccc(Cl)cc3)ccc2O1,ZINC08962044,0
CCOC(=O)c1c(NC(=O)C[N@H+]2CC[C@H](c3nc4ccccc4s3)CC2)sc(-c2ccccc2)c1C,ZINC13121308,0
N#Cc1ccccc1Sc1nc(N)cc(=O)[nH]1,ZINC40433515,0
Fc1cc(-c2cccc3ncc(-c4cnn(C5CC[NH2+]CC5)c4)nc23)cc(F)c1CN1CCOCC1,CHEMBL1092926,1
CC(C)[C@@H](Oc1ccccc1)C(=O)N1C[C@H](C(=O)NCc2ccc(-n3cccc3)cc2)C2(CC[NH2+]CC2)C1,ZINC39690364,0
CCOC(=O)c1cnn(-c2cc(=O)n(C)c3ccccc23)c1CN[C@@H](C)c1nc2ccccc2[nH]1,ZINC20255259,0
Cc1ccc(S(=O)(=O)N/N=C2\CCCc3oc(C(=O)Nc4ccc(C)cc4C)c(C)c32)cc1,ZINC40815148,0
Cc1ccc(N2C(=O)C[C@H](Sc3nnc(-c4ccccc4N)o3)C2=O)cc1,ZINC39891899,0
C[C@@H](Sc1nc(-c2ccco2)nc2ccccc12)C(=O)Nc1sccc1C(N)=O,ZINC32868690,0
COc1ccccc1CNC(=O)Cc1c(C)c2c(OC)cc3c(c2oc1=O)CCC(C)(C)O3,ZINC12901869,0
CO[C@H]1[C@H](NC(=O)Cc2cccs2)c2ccccc2[C@]12CC[N@H+](C[C@H]1C=C(CC(C)C)N=N1)CC2,ZINC39405097,0
CCc1ccc([C@H](CNC(=O)C2CCN(S(=O)(=O)c3ccc(C(C)=O)cc3)CC2)[NH+](C)C)cc1,ZINC18017095,0
C=C(C)[C@@H]1CC=C(C[N@H+]2CC[C@H]([C@]3(Cc4cccc(F)c4)NC(=O)N(CCOC)C3=O)CC2)CC1,ZINC20271091,0
COc1cc(C[NH2+]Cc2ccc3c(c2)OCO3)cc(Br)c1OCc1c(F)cccc1Cl,ZINC40734034,0
CC[NH+](CC)CCN(C(=O)/C=C/c1ccc([N+](=O)[O-])s1)c1nc2ccc(Br)cc2s1,ZINC10066605,0
COc1ccc(Cl)cc1NCc1cc([O-])n2nc(-c3ccc(C)cc3)nc2n1,ZINC14609025,0
COc1ccc(NC(=O)C2=C(C)NC(=S)N[C@H]2c2cc(Br)ccc2OC)c(OC)c1,ZINC01078841,0
CC[C@H](C)NC(=O)[C@H](C)N1C(=O)COc2ccc(C(=O)COc3ccc(F)cc3F)cc21,ZINC37512260,0
CCC[C@@H](C)C(=O)N1C[C@@H](C(=O)NCCNc2ccccc2)C2(CC[NH2+]CC2)C1,ZINC39655210,0
Cc1c(CC(=O)N[C@@H]2CS(=O)(=O)C[C@H]2O)c(=O)oc2cc3c(cc12)CCC1(CCCCC1)O3,ZINC13625734,0
COCCn1c2c(c(=O)[nH]c1=O)[C@@H](c1ccc(Cl)cc1)C1=C(N2)c2ccccc2C1=O,ZINC18219680,0
CC[C@H](C)[C@@H](NC(=O)CNC(=O)CCc1c(C)c2ccc(O)cc2oc1=O)C(=O)[O-],ZINC11865563,0
O=S(=O)(c1ccccc1Cl)N(C1=NCCCS1)c1cccc2ccccc12,ZINC01327943,0
C[C@@H]1NOc2nc(-c3ccccc3F)cc(C(=O)NCCC3=c4ccccc4=[NH+]C3)c21,ZINC64175269,0
CCC(C)(C)[C@H]1NN=C(NC(=O)[C@H]2CC(=O)N(CCc3c[nH]c4ccc(Cl)cc34)C2)S1,ZINC39252215,0
N#Cc1cnn(-c2nc3c(Cl)ccc(Cl)c3s2)c1N,ZINC62203393,0
CCOC(=O)C1=C(C)N(CC(=O)OCc2ccccc2)C(=O)[C@]12c1ccccc1-c1oc(N)nc12,ZINC20609229,0
CSc1nnc(N2C(N)=C(C#N)[C@@H](c3ccc4[nH]ccc4c3)C3=C2CCCC3=O)s1,ZINC31818143,0
C[C@@H]1NN(CC(=O)NCCC2=c3cc(OCc4ccccc4)ccc3=[NH+][C@@H]2C)[C@@H](C)[C@H]1Cl,ZINC63506276,0
COc1cc([C@H]2CC(=O)C3=C(C2)Nc2ccccc2N[C@@H]3c2ccc3c(c2)OCO3)ccc1OC(C)C,ZINC21258793,0
COc1ccc(C(NC(=O)[C@H]2CN(C(=O)[C@H]3CC=CCC3)CC23CC[NH2+]CC3)c2ccc(OC)cc2)cc1,ZINC39676589,0
COc1ccc(N2C(=O)C[C@H](SC(=[NH2+])N/N=C(\C)c3ccc(OC)c(Br)c3)C2=O)cc1,ZINC59489252,0
Nc1c(Sc2nccc(=O)[nH]2)ccc2scnc12,ZINC35060985,0
O=c1c([C@H]2[NH2+]CCc3ccccc32)c(O)nc(S)n1CCC1=CCCCC1,ZINC08742767,0
O=C1CC[C@@H](C(=O)N(c2ccccc2Cl)[C@@H](C(=O)NC2CCCCC2)c2ccc3c(c2)OCO3)N1,ZINC36548561,0
O=C(NC[C@H](c1cccc(Cl)c1)[NH+]1CCCC1)[C@H]1CCCN(C(=O)CCOc2ccccc2)C1,ZINC59894347,0
CC(C)[C@@H](Oc1ccccc1)C(=O)N1C[C@@H](C(=O)NC[C@@H]2CCCN(c3ncccn3)C2)C2(CC[NH2+]CC2)C1,ZINC39669533,0
C[C@@H]1CN(Cc2cs/c(=N\C(=O)c3ccc(S(=O)(=O)NC(C)(C)C)cc3)[nH]2)C[C@H](C)O1,ZINC25061901,0
Cc1cccc(-n2c([C@H](C)N(CC[NH+](C)C)C(=O)N[C@]34C[C@H]5C[C@H](C[C@H](C5)C3)C4)nc3ccccc3c2=O)c1,ZINC35065909,0
O=C1NCCN1CC[NH+](C[C@@H](O)c1ccccc1)C[C@@H](O)c1ccccc1,ZINC04324737,0
CCOC(=O)C1=C(N)OC2=C(C(=O)C[C@H](c3ccco3)C2)[C@]12C(=O)Nc1ccc(Br)cc12,ZINC09926788,0
CC[C@H](C(=O)NCCC1=c2cc(Cl)ccc2=[NH+]C1)N1c2ccccc2C2=CNN(C)C(=O)[C@@H]21,ZINC64839433,0
C[C@H](C(=O)Nc1ccc2c(c1)C(C)(C)C(=O)N2)C1CC1,ZINC62273449,0
Cc1cc2cc(C[N@H+](CCCO)[C@@H](c3nnnn3CCc3ccccc3)C(C)C)c(=O)[nH]c2cc1C,ZINC13498956,0
Cc1ccc(N2C(=O)[C@@H]3[C@@H](C2=O)N(C(=O)c2cccc(Br)c2)N[C@H]3c2ccc(F)cc2)cc1,ZINC09673454,0
CC[C@@H](C)CC(=O)N1C[C@@H](C(=O)NCCc2ccc(C)cc2C)C2(CC[NH2+]CC2)C1,ZINC39667166,0
CCc1ccc(Oc2c(C(F)(F)F)oc3c(C[N@@H+](CC)Cc4ccccc4)c(O)ccc3c2=O)cc1,ZINC01871110,0
Cc1cc(Cl)c2c(c1)[C@]1([NH2+][C@@H](Cc3ccccc3)[C@H]3C(=O)N(CCc4ccccc4)C(=O)[C@H]31)C(=O)N2,ZINC12884522,0
O=C(CNC(=O)[C@H]1COc2ccccc2O1)N/N=C/c1cccc(O)c1,ZINC01815796,0
CCN1C(=O)N[C@@H](c2ccc(Cl)cc2Cl)C2=C1CN([C@@H](C)C(=O)Nc1ccc(C(C)C)cc1)C2=O,ZINC35934838,0
COC(=O)c1ccc(NC(=O)N2CCc3nc[nH]c3[C@H]2c2ccc(Br)cc2F)cc1,ZINC20733052,0
CC[NH+](CC)[C@@H](CNC(=O)CN1C(=O)N[C@](C)(c2ccc(OC)cc2)C1=O)c1ccccc1Cl,ZINC32316933,0
COc1cc([C@@H]2C(C(=O)OC3CCCC3)=C(C)NC3=C2C(=O)C[C@H](c2cccs2)C3)cc(OC)c1OC,ZINC01456274,0
COc1cc(-c2nnc3n(Cc4ccccc4C)c4c(=O)[nH]c(=O)n(C)c4n23)cc(Br)c1O,ZINC10964841,0
CC1=C([C@H](C)NC(=O)[C@@H]2CN(C(=O)c3cccc4c3-c3ccccc3C4=O)CC23CC[NH2+]CC3)[C@H](C)N=N1,ZINC39674209,0
O=C(NCCCc1nc2c(s1)CCCC2)N1CCCCCC1,ZINC66204548,0
CC[C@@H](/C(N)=N/O)N1CCOc2ccccc2C1,ZINC63012772,0
Cc1ccc(C(=O)Nc2cc(C(F)(F)F)on2)cc1/C=C/n1cnc2c(NC3CC3)ncnc21,CHEMBL1169876,1
CCOc1ccc(/C(O)=C2\C(=O)C(=O)N(CC[NH+](CC)CC)[C@H]2c2ccc(C(C)(C)C)cc2)cc1,ZINC09270515,0
CC(C)[C@@H](NC(=O)CN1C(=O)N[C@H](CC2=c3ccccc3=[NH+]C2)C1=O)c1ccc2c(c1)OCCCO2,ZINC64733848,0
CC(C)Cc1ccc([C@@H](C)c2nc3ccccc3n2C[C@@H](O)C[N@@H+](C)C2CCCCC2)cc1,ZINC27695008,0
CC[C@@H]1Oc2c(C)c(N)c(C)c(C)c2NC1=O,ZINC62531850,0
Cc1cc(C)c2c(c1)[C@@]1([NH2+][C@@H]([C@@H](C)O)[C@H]3C(=O)N(C4CCCCCC4)C(=O)[C@H]31)C(=O)N2,ZINC05205153,0
C[NH2+][C@@H]1C[C@H]2O[C@@](C)([C@@H]1OC)n1c3ccccc3c3c4c(c5c6ccccc6n2c5c31)C(=O)NC4,CHEMBL162,1
Cc1ccc2cc([C@H](c3nnnn3C[C@H]3CCCO3)[N@H+]3CCCC4(CCCCC4)C3)c(=O)[nH]c2c1C,ZINC06442523,0
COc1cc(/C=C2\SC(=S)NC2=O)ccc1OC(=O)c1cccc(C)c1,ZINC13476824,0
Cc1ccc2nc(Nc3nc4c(C)cc(N)cc4s3)oc2c1,ZINC57352667,0
Cc1nc(-c2ccc3c(c2)CCN3C)nc(N)c1C(C)C,ZINC61687596,0
COC(=O)[C@@H]1Cc2c([nH]c3ccccc23)[C@H]2C[C@H]([NH2+]CCN(C)C)C[C@@H](c3ccc(F)c(F)c3)N21,ZINC22927057,0
CC(C)NC(=O)CCNC(=O)Nc1ccc2c(c1)OC1(CCCC1)O2,ZINC43549645,0
CCCC[C@@H](CC)CNC(=O)c1cccc(N2C(=O)N3CCC4=c5ccccc5=[NH+][C@H]4[C@@]3(C)C2=O)c1,ZINC63362267,0
CCCc1nnc2n1N[C@@H](c1ccc(C)cc1)[C@@H](C(=O)Nc1cccc(Cl)c1C)S2,ZINC09239650,0
Cn1nc(NC(=O)Cc2cccc3ccccc23)c2c1NC(=O)C[C@H]2c1ccccc1,ZINC38519745,0
Cc1ccccc1-n1c(S[C@H](C)C(=O)N[C@H]2CCS(=O)(=O)C2)nc2cc(Cl)ccc2c1=O,ZINC16835026,0
CC1=C([C@H](C)NC(=O)[C@@H]2CN(C(=O)c3cccc4c3-c3ccccc3C4=O)CC23CC[NH2+]CC3)[C@@H](C)N=N1,ZINC39674208,0
COc1c(C)cc(S(=O)(=O)Nc2ccc3c(c2)NC(=O)C(C)(C)CO3)cc1C,ZINC09173628,0
COc1ccccc1[C@H]1C[N@@H+](CC(=O)N2CCC([C@@H](O)c3ccccn3)CC2)Cc2ccccc2O1,ZINC12049054,0
NCC#Cc1ccc(CSc2ncnc3nc[nH]c23)s1,ZINC51037066,0
Cc1ccc(-n2nnnc2-c2ccc(N)cc2F)cc1C,ZINC43575687,0
CC(C)c1ccc2oc(=O)cc(CNC(=O)c3cc4cc(Br)ccc4o3)c2c1,ZINC41353869,0
O=C(N/N=C\c1cccc(Br)c1)[C@@H]1[NH+]=c2ccc([N+](=O)[O-])cc2=C1c1ccccc1,ZINC63406063,0
O=C1[NH+]=c2ccc(Cl)cc2=C(c2ccccc2)[C@@H]1Sc1nc(C(F)(F)F)cc(=O)[nH]1,ZINC39444463,0
C=CCOc1cccc([C@H]2C(C#N)=C(N)Oc3cc(OC(=O)c4cc(OC)c(OC)c(OC)c4)ccc32)c1,ZINC38684540,0
CNc1ncc2c(n1)N(C)C(=O)N(c1cc(NC(=O)c3cc(-n4cnc(C)c4)cc(C(F)(F)F)c3)ccc1C)C2,CHEMBL485854,1
COc1cccc(C[NH2+]CCNc2ccc([N+](=O)[O-])cc2Cl)c1OCc1ccccc1F,ZINC16228292,0
CCCn1/c(=N/C(=O)c2ccccc2NS(=O)(=O)c2ccccc2)sc2cc(C)c(C)cc21,ZINC36698233,0
O=C1N[C@@]2(C[N@H+]3CC[C@@H]2CC3)C(=O)N1CN(Cc1ccccc1)c1ccccc1,ZINC05487148,0
Cc1ccc2c(c1)=C[C@H]([C@H]([C@@H]1N=NNN1C1CCCC1)N(CCc1ccccc1)Cc1cccs1)C(=O)[NH+]=2,ZINC39710327,0
COc1cc(/C=N\NC(=O)[C@H]2C[C@H]2c2ccc(C(C)(C)C)cc2)cc(Br)c1OC,ZINC13590168,0
S=c1n(C[N@H+]2CC[C@H](c3nnc4ccccn43)CC2)nc(-c2ccc(Cl)cc2)n1Cc1ccccc1,ZINC12568564,0
Cc1ccc(CN2C(=O)[C@@]3(c4ccccc42)c2c(oc4ccc(Cl)cc4c2=O)C(=O)N3CCO)cc1,ZINC39889951,0
O=C1C[C@@H](C(F)(F)F)N(C(=O)Cn2cnc3ccc(Br)cc3c2=O)c2ccccc2N1,ZINC22278457,0
Cc1ccccc1[C@@H]1c2ccsc2CC[N@H+]1[C@@H](C)C(=O)N1CCCN(C(=O)[C@@H]2C[C@H]2c2ccccc2)CC1,ZINC34830438,0
CCN(CC)c1ccc(/C=N/Nc2nc(SC3CCCCC3)n[nH]2)cc1,ZINC21076372,0
C[NH+](C)C1(CNC(=O)NNC(=O)c2ccc3ccccc3n2)CCCC1,ZINC49779979,0
O=C1CN(C(=O)c2ccccc2[N+](=O)[O-])[C@@H](c2ccccc2)c2cc(Br)ccc2N1,ZINC03108492,0
CC1=N[C@H](SCc2ccccc2C(=O)O[C@H](C(=O)C2=c3ccccc3=[NH+]C2)c2ccccc2)SC1,ZINC40083982,0
CC[N@H+](CC(=O)Nc1ccc2c(c1)OCCO2)CC(=O)N1CCc2sccc2[C@H]1c1cccs1,ZINC22059845,0
CCCCC/C(=C\c1ccccc1)CN(CC1CCN(C(=O)CCCCC[NH3+])CC1)C(=O)c1ccco1,ZINC35319441,0
Cc1noc(C)c1C(=O)N1C[C@H](C(=O)N[C@@H]2CCC[C@H]2OCc2ccccc2)C2(CC[NH2+]CC2)C1,ZINC39609122,0
Cc1ccc(S(=O)(=O)N2CCC[N@@H+]([C@@H](C)C(=O)N[C@@H](C)c3ccc(F)cc3)CC2)cc1,ZINC12792855,0
O=c1[nH]c(C[NH2+]C2CCCCCC2)nc2sc3c(c12)CCCC3,ZINC31934766,0
Nc1ccc(F)c(F)c1Sc1ncnc2nc[nH]c12,ZINC53168565,0
COc1cc(S(=O)(=O)/N=C2\C=CC=CC2=C(O)O)c(OC)cc1Cl,ZINC06603357,0
COc1ccc([C@H]2Nc3c(O)ccc([N+](=O)[O-])c3[C@@H]3C=CC[C@@H]23)cc1O,ZINC20690217,0
COc1ccc2c(c1)=[NH+][C@@H](/C(C#N)=C\c1cc(Cl)c(OCc3ccc(C(=O)[O-])cc3)c(Cl)c1)[NH+]=2,ZINC39968059,0
C[C@@H]1CCc2c(sc(NC(=O)[C@H]3CCCN(S(=O)(=O)c4ccc(Cl)s4)C3)c2C(N)=O)C1,ZINC10768656,0
O[C@@H](COC(c1ccc(Cl)cc1)c1ccc(Cl)cc1)CN1CC[NH+](Cc2ccc3c(c2)OCO3)CC1,ZINC22924904,0
CCc1ccc(NC(=O)[C@H]2Sc3nnc(C)n3N[C@@H]2c2ccc(OC)c(Br)c2)cc1,ZINC09237750,0
Cc1cc(C)c(S(=O)(=O)N2CCC3(CC2)NCC[NH+]=C3NCc2ccc(F)c(Cl)c2)c(C)c1,ZINC65074652,0
CCc1ccc(-c2cc3n(n2)C[C@](C)(C(=O)NC2CCCCCC2)N(c2ccc(C)cc2)C3=O)cc1,ZINC15676750,0
Cc1sc2nc(CS[C@@H](C)C(=O)NC[C@@H](c3ccco3)[NH+]3CCCCC3)[nH]c(=O)c2c1C,ZINC36697465,0
Brc1ccc(OCc2ccccc2)c(C[NH2+]CCCSc2nnnn2-c2ccccc2)c1,ZINC22108900,0
Cn1c(SCc2ccccc2F)nc(=O)c2c1NC(=O)C[C@H]2c1ccc2c(c1)OCO2,ZINC13567528,0
C[C@@H]1CCCC[C@]12NC(=O)N(CC(=O)Nc1ccccc1N(C)C)C2=O,ZINC23176191,0
CCOc1cc([C@@H]2c3c(-c4cc(Cl)c(C)cc4O)n[nH]c3C(=O)N2Cc2ccco2)ccc1O,ZINC08845382,0
Cc1cc(/C=N/NC(=O)C(=O)N[C@@H](C)c2ccccc2)c(C)n1-c1cc(Cl)ccc1Cl,ZINC58911956,0
COc1ccc(C[C@@H]2S/C(=N/N=C/C3=c4ccccc4=[NH+]C3)NC2=O)cc1,ZINC38583825,0
CC1=C(C(=O)Nc2ccccc2C)[C@H](c2ccccc2)C(C#N)=C(SCC(=O)Nc2ccccc2C)N1,ZINC19940187,0
CCCOc1ccc([C@@H]2CN3C(=O)CN(CC(C)C)C(=O)[C@]3(C)[C@H]3[NH+]=c4ccccc4=C23)cc1OCC,ZINC63372642,0
C[C@H]1Oc2ccc(S(=O)(=O)N3CCC[C@H](C(=O)Nc4ccc(Cl)cc4F)C3)cc2NC1=O,ZINC35220032,0
Cc1cccc(OCCN(C)C(=O)c2ccc(S(=O)(=O)Nc3ccccc3F)cc2)c1,ZINC10999820,0
N#Cc1ccccc1NC(=O)NC[C@H]1CN(c2ccc(F)cc2)C(=O)O1,ZINC08839405,0
CC(=O)n1cc(O[C@]2(C)O[C@](C)(CO)[C@](C)(O)[C@@](C)(O)[C@@]2(C)O)c2ccccc21,ZINC09915795,0
CC(C)c1nn(C[N@H+]2CC[C@H](NC(=O)CC3CCCCC3)CC2)c(=S)n1C,ZINC66859515,0
C[C@]12CC[C@@H]3[C@H](CCC4=CC(=O)CC[C@]43C)[C@H]1CC[C@@]2(O)C(=O)COC(=O)CCC(=O)NCCc1c[nH]c2ccccc12,ZINC01882035,0
CCC1(CC)NC(=O)N(CC(=O)NC[C@H](C2=c3ccccc3=[NH+]C2)c2ccccc2Cl)C1=O,ZINC64707623,0
CC[C@@H](C)n1nccc1NC(=O)[C@H](C)N(C)Cc1nc2ccccc2s1,ZINC67442267,0
COc1ccc([C@@H](CNC(=O)[C@@H]2CN(C(=O)C(C)C)CC23CC[NH2+]CC3)[NH+]2CCCC2)cc1,ZINC39664002,0
CC[C@H]1CCCC[C@H]1NC(=O)c1n[nH]c(C(C)C)c1N,ZINC50321428,0
Cc1c(Cc2ccc3c(c2)OCO3)sc(NC(=O)C(c2ccccc2)c2ccccc2)c1C(N)=O,ZINC09390700,0
Cc1cc(N)nc(SCc2cc(=O)oc3cc(C)c(C)cc23)n1,ZINC07049057,0
CC(=O)N1CCc2cc(Br)c(S(=O)(=O)NCC[N@@H+](C)Cc3ccccc3)cc21,ZINC40450185,0
O=C1[C@@H](Cc2ccccc2)[NH2+]C2(CCN(S(=O)(=O)c3ccccc3)CC2)N1CC1CC1,ZINC36029864,0
O=C(COc1ccccc1)N1CCC[C@@]2(C1)Nc1cccnc1N/C2=[NH+]\Cc1ccccc1,ZINC65265694,0
Cc1cn2nc(N[C@@H](C)c3cc(F)ccc3F)sc2n1,ZINC42099536,0
Cc1cc(C)c(/C=N\NC(=O)c2nnn(-c3nonc3N)c2C[N@@H+]2CCCC[C@H]2C)c(C)c1,ZINC39948795,0
Cc1ccc(-c2c(S(=O)(=O)c3cccc(Br)c3)nnn2-c2ccc(N)cc2)cc1,ZINC11730724,0
C[C@]1(c2cccc3ccccc23)NC(=O)N(C[C@@H](O)c2ccc(F)cc2)C1=O,ZINC25224248,0
CC(=O)N1N=C([C@@H]2C(=O)[NH+]=c3ccccc3=C2c2ccccc2)C[C@@H]1c1cc2ccc(C)cc2nc1Cl,ZINC64360571,0
CCC[C@H]1C[C@H](C(=O)N[C@@H]([C@H]2O[C@@H](SC)[C@@H](O)[C@@H](O)[C@H]2O)[C@@H](C)O)[N@@H+](C)C1,ZINC03830996,0
CCc1ccc2c(c1)=C[C@H]([C@H]([C@@H]1N=NNN1C(C)(C)C)[N@@H+](Cc1ccccc1)Cc1cccnc1)C(=O)[NH+]=2,ZINC39710531,0
CC(=O)/[NH+]=c1/ccc2c(COC(=O)[C@@H](NC(=O)c3ccc(C(C)(C)C)cc3)C(C)C)cc(O)oc-2c1,ZINC39642034,0
COC(=O)[C@@H]1C(=O)C2=C(C[C@H]1C)Nc1ccccc1N[C@@H]2c1cc(Br)c(OC)c(OC)c1,ZINC01440249,0
CCCCn1c(N)c(N(C)C(=O)c2cccc(I)c2)c(=O)[nH]c1=O,ZINC14227155,0
CCCCCSc1nc2c(c(=O)[nH]1)[C@H](c1ccc(C#N)cc1)C1=C(CC(C)(C)CC1=O)N2,ZINC40476336,0
COC(=O)CN1CC[C@@H](n2cc(-c3cccc(O)c3)c3c(N)ncnc32)C1,CHEMBL355019,1
Cc1cccc2c1NC(=O)[C@]21N[C@@H](CC2=c3ccccc3=[NH+]C2)[C@H]2C(=O)N(c3ccccc3)C(=O)[C@H]21,ZINC63480283,0
C[NH+](C)CCN(Cc1cnc(S(=O)(=O)Cc2ccc(F)cc2)n1C[C@H]1CCCO1)C(=S)NC1CC1,ZINC36032325,0
CCCCNC(=O)[C@@H]1CC[C@H](C)[N@@H+](CC(=O)NC(=O)NC(C)C)C1,ZINC66473915,0
N#Cc1c(/N=C/c2cccc(O)c2O)sc2c1CCCC2,ZINC59459997,0
[H]/N=C1C(=C\c2cccn2-c2ccc(OC)c(Cl)c2)/C(=O)N=C2SC(c3ccccc3F)=NN2/1,ZINC32964284,0
CCNC(=O)[C@H](C)Oc1ccc(N)c2cccnc12,ZINC37657936,0
COc1ccc2nc(N(CC[NH+](C)C)C(=O)c3ccc(S(=O)(=O)N4C[C@H](C)C[C@H](C)C4)cc3)sc2c1,ZINC36637288,0
CC1(C)SC(=S)N(N)[C@@H]1N(O)C(=O)Nc1ccc(Cl)c(Cl)c1,ZINC01498325,0
C[C@H](CNC(=O)[C@@H]1CN(C(=O)[C@@H](C)Oc2ccccc2)CC12CC[NH2+]CC2)Oc1ccc(F)cc1,ZINC39595968,0
CC[C@@]1(C)NC(=O)N(NC(=O)C[N@H+]2CC3(CCCC3)c3cc4c(cc3[C@@H]2C)OCCO4)C1=O,ZINC45766051,0
Nn1c(=S)[nH]c2scc(-c3ccccc3)c2c1=O,ZINC06537856,0
NC(=O)C1CCN(C(=O)C[N@H+]2[C@H](CC(=O)Nc3cc(Cl)cc(Cl)c3)C(=O)N[C@@H]3CCCC[C@@H]32)CC1,ZINC10384388,0
Cc1ccc(N2C(=O)[C@H](C)S[C@@]23C(=O)N(Cc2ccccc2Cl)c2ccccc23)cc1,ZINC12447768,0
Cc1ccc(NC(=O)c2ccn([C@H](C)C(=O)Nc3ccc(C)cc3C)n2)c(C)c1,ZINC20617297,0
COc1cc2[nH+]ccc(Oc3ccc4c(C(=O)NC5CC5)cccc4c3)c2cc1OC,CHEMBL272198,1
CNC(=O)[C@H](C)NC(=O)[C@H]1CN(C(=O)c2csc(Cl)c2OC)CC12CC[NH2+]CC2,ZINC39683960,0
C[C@H]1CN(S(=O)(=O)c2ccc(C(=O)N(CCC[NH+](C)C)c3nc4ccccc4s3)cc2)C[C@H](C)O1,ZINC36690313,0
CCCCOCCCN1CC(=O)N2C[C@H](c3ccc(Cl)cc3)C3=c4ccccc4=[NH+][C@@H]3[C@@]2(C)C1=O,ZINC63373849,0
CC(C)c1cc(=O)[nH]c(-n2nc(-c3ccco3)cc2NC(=O)C2c3ccccc3Oc3ccccc32)n1,ZINC12007921,0
O=C1CCc2cc(S(=O)(=O)N[C@@H](C[C@H]3C=c4ccccc4=[NH+]3)C(=O)NC3CCCCC3)ccc2N1,ZINC63731999,0
CNC(=O)c1c(NC(=O)C2CCCCC2)sc2c1CCN(C(=O)OC)C2,ZINC09325382,0
CCc1nnc2sc(-c3ccc(NC(=S)NC(=O)c4cc5ccccc5o4)cc3)nn12,ZINC09846182,0
C[C@H](CNC(=O)Nc1ccc(Cl)cc1)NC(=O)Nc1ccc(Cl)cc1,ZINC02072515,0
CC1(C(=O)N2C[C@H](C(=O)NCc3ccc(OC(F)F)cc3)C3(CC[NH2+]CC3)C2)CCCCC1,ZINC39673318,0
CCOc1cc([C@@H]2Nc3ccccc3NC3=C2C(=O)C[C@@H](c2ccc(OC(C)C)cc2)C3)cc([N+](=O)[O-])c1O,ZINC21258221,0
COc1ccc(NC(=O)COc2c(-c3ccc(C(C)(C)C)cc3)oc3ccc(Cl)cc3c2=O)cc1OC,ZINC01925317,0
CCOc1ccccc1NC(=O)N1Cc2c(sc3c2CC[N@@H+](C)C3)-n2cccc2[C@@H]1c1cccc(OC)c1,ZINC35427307,0
CC[NH+](CC)CCCN(C(=O)[C@H]1C=CC(c2ccccc2)=N1)[C@H](C(=O)NC1CCCCC1)c1ccc(C)cc1,ZINC39699466,0
CC[C@H](Oc1ccc2ccccc2c1Br)C(=O)N/N=C/[C@@H]1C=c2ccccc2=[NH+]C1=O,ZINC39941723,0
Cc1ccc(Cn2c(-c3ccc(S(=O)(=O)N4CCCC4)cc3)cs/c2=[NH+]\c2ccccc2)cc1,ZINC27020235,0
Cc1ccc2c(c1)[C@@H]1C[N@H+](C)CC[C@H]1N2C(=O)c1ccccc1NS(=O)(=O)c1ccc(F)cc1C,ZINC12563574,0
COc1ccc2c(c1)=C(CCNC(=O)CC[C@H]1C(=O)Oc3cc4oc5c(c4cc3[C@H]1C)CCCC5)C[NH+]=2,ZINC63486249,0
O=C(NCCc1ccco1)[C@H]1CN(C(=O)c2ccc(Oc3ccccc3)nc2)CC12CC[NH2+]CC2,ZINC39671048,0
Cc1ccc(S(=O)(=O)N2CCC(C(=O)N[C@H](C)c3ccc(Cl)cc3Cl)CC2)c(C)c1,ZINC18021796,0
Cc1cc(-c2nn3c(Cc4ccc(OC(F)(F)F)cc4)nnc3s2)n(C)n1,ZINC61720650,0
CC[C@@H](c1nnnn1CCc1ccccc1)[N@H+](Cc1ccccc1)Cc1cc2cc(C)c(C)cc2[nH]c1=O,ZINC13064723,0
O=[N+]([O-])c1ccc(NCC[NH2+]Cc2cc(Cl)ccc2OCc2ccc(Cl)cc2)cc1,ZINC16401805,0
CN(Cc1ccc2c(c1)OCCO2)C(=O)NCc1cccc(S(N)(=O)=O)c1,ZINC47032700,0
Cc1ccc([C@@H](NC(=O)[C@H]2CC[N@H+](Cc3nc(-c4ccc(Cl)cc4Cl)no3)CC2)C(C)C)c(C)c1,ZINC38872643,0
C#C[C@@]1(O)CC[C@@H]2[C@H]3CCC4=C/C(=N\OCC(=O)NCCC5=c6ccccc6=[NH+]C5)CC[C@]4(C)[C@H]3CC[C@]21C,ZINC64380692,0
CCC(C)(C)[C@@H]1CCc2sc3ncnc(N/N=C/c4ccc(C(C)C)cc4)c3c2C1,ZINC05501418,0
Oc1c([C@@H](c2cccc(Cl)c2)N2CC[NH+](Cc3ccccc3)CC2)sc2nc(-c3ccco3)nn12,ZINC22798428,0
CCOc1cc(C(=O)N(C[C@@H]2C=c3ccc(OC)cc3=[NH+]C2=O)c2cccc(C)c2)cc(OCC)c1OCC,ZINC39928212,0
Cc1ccc(C(=O)Nc2ccc(C[NH+]3CCN(C)CC3)c(C(F)(F)F)c2)cc1/C=C/c1cnc2cccnn12,CHEMBL1173201,1
CCCC(=O)Nc1ccc(CNC(=O)CN2C(=O)N[C@]3(CC[C@H](C(C)(C)CC)CC3)C2=O)cc1,ZINC59283551,0
C[C@H]1C[C@H](C)C[NH+](CCCNC(=O)CN2C(=O)/C(=C\c3cccc(Cl)c3)Sc3ccccc32)C1,ZINC20181098,0
O=C(NCc1ccc(F)c(C(F)(F)F)c1)[C@@H]1CCCC[C@H]1C(=O)N1CCN(c2cccc[nH+]2)CC1,ZINC44942539,0
CN(Cc1ccccc1)S(=O)(=O)c1ccc2c(c1)[C@H]1C=CC[C@@H]1[C@H](c1cccc([N+](=O)[O-])c1)N2,ZINC36557364,0
CC(C)NC(=O)N1CCN(C(=O)[C@H](C)NC(=O)C2CCCCC2)CC1,ZINC67303131,0
CCCC[C@@H](C)C(=O)N1C[C@H](C(=O)NCc2ccccc2N2CCCCC2)C2(CC[NH2+]CC2)C1,ZINC39678348,0
O=C(Nc1ccc(OCCN2CCOCC2)cc1)Nc1ccc(Cl)c(C(F)(F)F)c1,CHEMBL1213976,1
Cc1ccc(-c2nn(-c3ccccc3)cc2/C=N/NC(=O)CNC(=O)c2ccc(Cl)c(Cl)c2)cc1,ZINC48571988,0
Cc1cc(C)c2[nH]c(=O)c(C[N@H+](CCCO)[C@@H](c3nnnn3CCc3ccccc3)C(C)C)cc2c1,ZINC13500574,0
CC(C)(C)c1cc(/C=N/c2nc3ccccc3n2Cc2ccccc2)cc(C(C)(C)C)c1O,ZINC15773654,0
CC(C)c1[nH]nc(C(=O)N[C@H](C)C2CC2)c1N,ZINC50309902,0
Nc1nc2ccc(C(=O)OCc3cc(=O)n4c5c(sc4n3)CCCC5)cc2s1,ZINC09366555,0
CC(C)(C)NC(=O)N1CCC2(CC1)[NH2+][C@@H](Cc1ccccc1)C(=O)N2Cc1ccccc1,ZINC35665358,0
COc1ccc(-c2cc(-c3ccc(C)cc3)nc(N/N=C/c3ccc(O)c(C)c3O)n2)cc1OC,ZINC16671482,0
Cc1c(C(=O)Oc2ccc3c(c2)OC(N)=C(C#N)[C@H]3c2cccc3ccccc23)oc2ccc(F)cc12,ZINC38688556,0
O=C(N[C@@H](Cc1ccccc1)C(=O)Nc1nc2c(s1)C[N@H+](Cc1ccccc1)CC2)c1ccco1,ZINC21529419,0
Cc1nc([C@@H](C)n2cnc3sc4c(c3c2=O)CC[C@@H]([NH2+]CCc2ccc(Cl)cc2)C4)cs1,ZINC12325767,0
CC(C)[C@@H](NC=O)C(=O)N1CC[C@@H]2Oc3ccc(cc3)/C=C\NC(=O)[C@@H](Cc3ccccc3)NC(=O)[C@@H]21,ZINC36378890,0
C=C(C)Cn1c(N2CC[NH+](CC(=O)NC3CCCCC3)CC2)nc2sc3c(c2c1=O)CC(C)(C)OC3,ZINC34747068,0
CC(C)(C)NC(=O)C[N@H+]1CCCN(CC(=O)N2CCc3sccc3[C@@H]2c2cccs2)CC1,ZINC22932724,0
O=C(c1ccc2c(c1)OCO2)[C@@H]1[C@H](c2cccc([N+](=O)[O-])c2)[C@H]2CCC[N@H+]2[C@]12C(=O)Nc1ccccc12,ZINC08743399,0
COC(=O)[C@@H](CC1=c2ccccc2=[NH+]C1)NC(=O)c1cc2c(n(-c3ccc(C)cc3)c1=O)CC(C)(C)CC2=O,ZINC63273814,0
COc1cc(-c2c3c(nc4sc(C(=O)Oc5ccccc5C)c(N)c24)CC[N@@H+](C)C3)cc(OC)c1OC,ZINC40570115,0
COc1ccc(-c2cn(-c3ccc(C)cc3)/c(=N/C(=O)CN(CC[NH+](C)C)C(=O)c3ccc(C)cc3)[nH]2)cc1,ZINC35694674,0
CCn1c2ccccc2c2cc([C@@H]3Nc4ccc(OC[C@H]5CCCO5)cc4[C@@H]4C=CC[C@H]43)ccc21,ZINC20685104,0
Cc1ccccc1-c1csc2nc(C[N@H+](CCC(C)C)C[C@@H](O)COCC(C)C)[nH]c(=O)c12,ZINC35745858,0
Cc1cc(C)c2[nH]c(=O)c([C@@H](c3nnnn3C[C@H]3CCCO3)[N@H+]3CC[C@H](Cc4ccccc4)CC3)cc2c1,ZINC06300794,0
COc1cc(OC)cc(C(=O)N[C@@H](CCSC)C(=O)N2CCC3(CC2)[NH2+]CCC2=NC=N[C@H]23)c1,ZINC38573881,0
Cn1cc(/C=C(\C#N)C(=O)Nc2nc3ccccc3s2)c2ccccc21,ZINC13570239,0
O=C(Cc1coc2ccc3ccccc3c12)NCc1cc([N+](=O)[O-])ccc1O,ZINC36622519,0
CC(C)c1cccc(NC(=O)CN2C(=O)N[C@](C)(c3ccc(C#N)cc3)C2=O)c1,ZINC22059357,0
C/C(Nc1ccccc1-c1ccccc1)=C1/C(=O)N(c2ccc([N+](=O)[O-])cc2)N=C1c1ccccc1,ZINC20288299,0
C=CCSc1nnc2c(n1)O[C@H](c1ccc(O)c(OC)c1)Nc1ccccc1-2,ZINC05102388,0
C[C@@H](OC(=O)c1ccccc1SCC(=O)Nc1ccc2c(c1)OCO2)C(=O)Nc1ccccc1F,ZINC11685172,0
CCOc1ccc(/C=N\NC(=O)C[NH+]2CCN(S(=O)(=O)c3ccc(Br)cc3)CC2)cc1,ZINC32576994,0
C[C@H]1C[C@H](C)C[NH+](Cc2ccc(CNC(=O)/C=C/c3ccc(N4CCCS4(=O)=O)cc3)cc2)C1,ZINC59057631,0
Cc1ccc(N(C[C@H](O)C[NH2+][C@]23C[C@H]4C[C@H](C[C@H](C4)C2)C3)S(=O)(=O)c2ccccc2)cc1,ZINC16156335,0
C[C@@H]1C[C@H](C)CN(S(=O)(=O)c2cccc(-c3csc(Nc4ccccc4)[n+]3-c3ccccc3)c2)C1,ZINC35447791,0
O=C(N[C@@H](CC1=c2ccccc2=[NH+]C1)C(=O)Nc1ccc2c(c1)OCO2)OCc1ccccc1,ZINC63772679,0
C[C@H](OC(=O)C[C@H](NC(N)=O)c1ccc(Cl)cc1)C(=O)N1CCCc2ccccc21,ZINC20982383,0
COc1ccc(/C=C(\NC(=O)c2cccc([N+](=O)[O-])c2)C(=O)NCCC2=c3ccccc3=[NH+][C@@H]2C)cc1,ZINC63513891,0
Cc1ccc(C)c2c1=C[C@@H]([C@@H]([C@@H]1NN=NN1C(C)(C)C)N1CCc3ccccc3C1)C(=O)[NH+]=2,ZINC39699311,0
CC[NH+](CC)CCCN1CC(=O)N2[C@@H](c3ccc(C(C)C)cc3)c3[nH]c4ccccc4c3C[C@@H]2C1=O,ZINC16042759,0
C[C@H](NC(=O)[C@H]1Cc2cc([N+](=O)[O-])ccc2N2CCN(c3cccc(Cl)c3)C[C@H]12)c1ccccc1,ZINC35543785,0
O=C(NCc1nc2ccccc2c(=O)[nH]1)[C@H]1CN(C(=O)c2ccccn2)CC12CC[NH2+]CC2,ZINC39676247,0
CCOC(=O)c1c(NC(=O)[C@H](C)Sc2ncccn2)sc2c1CCC2,ZINC04263108,0
COc1ccc([C@@H](CNC(=O)COC(=O)CCc2c[nH]c3ccccc23)[NH+]2CCCCC2)cc1,ZINC45537876,0
CC(C)C[N@H+]1CC[C@H](NC(=O)[C@H](C)SCc2nc3scc(-c4ccccc4)c3c(=O)[nH]2)CC1,ZINC12758604,0
CCOc1ccccc1[C@@H]1NO[C@H](c2ccc3c(=O)n(Cc4cccc(Cl)c4)c(=O)[nH]c3c2)N1,ZINC64871078,0
COc1ccc2c(c1)=C1CCN[C@H](c3ccc(OC)c(Cn4nc(C)c(Br)c4C)c3)[C@H]1[NH+]=2,ZINC64428196,0
COc1ccc(CCC(=O)N2C[C@@H](C(=O)N[C@@H](C)c3nc4ccc(C)cc4[nH]3)C3(CC[NH2+]CC3)C2)cc1,ZINC44737537,0
Cc1ccc([C@@H](C)[NH2+][C@@H]2C(=O)Nc3cc(F)c(Br)cc32)s1,ZINC49162357,0
C[C@@H]1CC(C)(C)C[C@@]2(C1)NC(=O)N(CC(=O)NCCc1cc(F)cc3c1OCOC3)C2=O,ZINC58394114,0
Cc1ccc(N2C(=O)c3ccc(C(=O)NCCC4=c5cc(F)ccc5=[NH+][C@@H]4C)cc3C2=O)cc1,ZINC63520715,0
CCOC(=O)c1sc2nc(/C=C/c3cc(Cl)c(O)c(OC)c3)[nH]c(=O)c2c1C,ZINC13134963,0
CC1=C(C(=O)OC(C)C)[C@@H](c2ccc3ccccc3c2)C2=C(C[C@@H](c3cccs3)CC2=O)N1,ZINC01148884,0
Cc1ccccc1OC[C@@H](C)NC(=O)[C@H]1CC[N@H+](Cc2nc(-c3ccc(Br)cc3)no2)CC1,ZINC30979744,0
COc1cccc([C@@H](C[NH2+]C[C@@H](O)CO[C@@H]2CCCc3ccccc32)c2c[nH]c3ccccc23)c1OC,ZINC12540128,0
COc1ccc([C@H]2c3cc(Br)cc(C(=O)[O-])c3N[C@@H](c3ccc(F)cc3)[C@@H]2C)cc1OC,ZINC12417198,0
CCOC(=O)[C@H]1CC[N@H+]([C@@H](c2cccc(Br)c2)c2c(NC(C)=O)sc3c2CCCC3)CC1,ZINC39853535,0
COC(=O)[C@@H]1C(=O)C2=C(C[C@@H]1C)NC(C)=C(C(=O)OC1CCCCC1)[C@@H]2c1cccc(Cl)c1,ZINC20569598,0
Cc1ccc(C(=O)[C@H]2[C@H](c3ccc(-c4cccc([N+](=O)[O-])c4)o3)NC(=O)N[C@]2(O)C(F)(F)F)cc1,ZINC35347525,0
COc1cc(CNC(=O)[C@@H]2CN(C(=O)C3(C)CCCCC3)CC23CC[NH2+]CC3)cc(OC)c1OC,ZINC39636986,0
CC(C)(C)c1ccc([C@@]2(C)NC(=O)N(CC(=O)Nc3ccc4c(c3)OCCCO4)C2=O)cc1,ZINC36826065,0
COc1cc(Nc2c(C#N)cnc3cc4cc(OCCN5CCOCC5)c(OC)cc4cc23)c(Cl)cc1Cl,CHEMBL195029,1
CC[C@H](C)C(=O)N1C[C@@H](C(=O)NC[C@@H]2CCCN(c3ncccn3)C2)C2(CC[NH2+]CC2)C1,ZINC39669367,0
CC(C)(C)[C@@H]1CCCC[C@@H]1NC(=O)NCc1cn2ccsc2n1,ZINC61914472,0
CC(C)CC[C@]1(C2CCN(C(=O)CCc3ccccc3)CC2)NC(=O)N(CC[NH+](C)C)C1=O,ZINC11872587,0
Cc1ccc(-c2csc3ncn(CC(=O)Nc4sccc4C(N)=O)c(=O)c23)cc1C,ZINC16686655,0
C=CCOc1ccc([C@H]2SCC(=O)Nc3c2c(C)nn3-c2nc3ccccc3s2)cc1OC,ZINC21523630,0
Cc1cc(C)c(C#N)c(S[C@@H](C)C(=O)Nc2cc(F)ccc2C)n1,ZINC22360794,0
[NH2+]=C1Nc2nc3ccccc3n2[C@@H](c2ccc(N3N=C(c4ccccc4)C[C@H]3c3ccccc3)cc2)N1,ZINC19913465,0
Cc1ccc(-n2cc(-c3ccc(Cl)cc3)[nH]/c2=N\C(=O)C[NH2+]CC(C)C)cc1C,ZINC35667438,0
Cc1cc(C)c(CNC(=O)c2ccc(-n3ncc(C#N)c3N)cc2)c(=O)[nH]1,ZINC66239937,0
C(=N/Nc1ccc2ccccc2n1)\c1ccc(N(c2ccccc2)c2ccccc2)cc1,ZINC06346322,0
O=C(CN1C(=O)N[C@@]2(CCc3ccccc32)C1=O)Nc1sc2c(c1C(=O)c1ccccc1)CCCC2,ZINC36740749,0
O[C@]12Cc3ccccc3C1=NN(c1ccccc1)[C@H]2c1ccccc1,ZINC05105116,0
C[C@@H](NC(=O)Nc1ccc(S(C)(=O)=O)cc1)c1ccc2c(c1)OCO2,ZINC43417525,0
CCC(C)(C)N1N=NN[C@@H]1[C@@H]([C@@H]1C=c2c(C)cc(C)cc2=[NH+]C1=O)[N@H+](Cc1ccccc1)Cc1ccco1,ZINC39699320,0
C=CCNC(=O)[C@@H](CC(C)C)N1CC2=C(C1=O)[C@H](c1cccc(Oc3ccccc3)c1)NC(=O)N2CC,ZINC34791241,0
CCOC1=C[C@@H]2C[C@@H]3CO[P@](=O)(SC)N[N@H+]3C[C@@H]2C=C1c1ccccc1O,ZINC39468617,0
CC[C@H](c1nnnn1C(C)(C)CC)[N@@H+](Cc1cc2cc(C)cc(C)c2[nH]c1=O)C1CCCCC1,ZINC13501082,0
COc1ccc(OC)c([C@H]2C(C#N)=C(N)Oc3cc(OC(=O)c4oc5c(C)c(C)ccc5c4C)ccc32)c1,ZINC38688753,0
CN1CCc2cc([C@@H](CNS(=O)(=O)c3ccc4ccccc4c3)N3CC[NH+](C)CC3)ccc21,ZINC22735808,0
COCCn1nnnc1[C@@H](c1cc2cc(C)cc(C)c2[nH]c1=O)[NH+]1CCN(c2cc(C)ccc2C)CC1,ZINC06195849,0
CC[N@H+](C)CCNS(=O)(=O)c1cc(Cl)cc(N)c1Br,ZINC61882590,0
OCC1([NH2+]Cc2cc(Br)c(Br)o2)CCCC1,ZINC53045678,0
CCOc1ccc(N/C(=N\C(=O)[C@@H](C)Oc2ccccc2)NCCC2=c3ccccc3=[NH+]C2)cc1,ZINC63588884,0
CCOc1ccc(N2C(=O)c3oc4ccccc4c(=O)c3[C@H]2c2ccc(OCC(N)=O)cc2)cc1,ZINC39873230,0
C=CCn1c(SCC(=O)Nc2sc3c(c2C(N)=O)CCCC3)nnc1-c1ccncc1,ZINC03343190,0
C[C@H]([NH3+])[C@@H](c1ccc(Br)s1)N1CCc2sccc2C1,ZINC43258687,0
CC(=O)c1cc2c(cc1NC(=O)C[N@H+]1CC[C@](O)(c3ccc(Br)cc3)CC1)OCO2,ZINC39308688,0
C/C=C\[C@H](C(=O)NC1CCCCC1)N(C(=O)c1ccccc1Cl)c1ccccc1Cl,ZINC36549649,0
CCc1ccccc1Nc1nc(N)nc(Cn2ccccc2=O)n1,ZINC12558205,0
CCCCCNS(=O)(=O)c1ccc(N2CCCCS2(=O)=O)cc1C,ZINC12207956,0
Cc1ccc([C@H](C)Nc2ccc(C(N)=O)cc2N)o1,ZINC49194057,0
CCOC(=O)c1c(NC(=O)CSC2=[NH+][C@](C)(CC)NN2c2ccccc2)sc2c1CCC2,ZINC59564944,0
c1ccc(C[N@H+]2CC[C@H](Nc3ccc4[nH]nc(-c5nc6cc(N7CCC([NH+]8CCCCC8)CC7)ccc6[nH]5)c4c3)CC2)cc1,CHEMBL209753,1
C[C@@H](NC(=O)OC(C)(C)C)[C@@H]1CCCC[N@H+]1CCC(=O)Nc1sc2c(c1C#N)CCCC2,ZINC60343166,0
Cc1cc(C(=O)N2C[C@H](C(=O)NC3CCCCCCC3)C3(CC[NH2+]CC3)C2)n(C(C)(C)C)n1,ZINC39659885,0
Cc1cs/c(=N/C(=O)[C@@H](NC(=O)c2cc3ccccc3o2)C(C)C)[nH]1,ZINC44577255,0
CCc1nc2sc([C@H](c3cccc(C)c3)N3CCc4ccccc4C3)c(O)n2n1,ZINC22855065,0
CCC1(CC)CCN(c2nccnc2C(N)=[NH2+])CC1,ZINC62954297,0
O=c1[nH]c(C[NH+]2CCN(S(=O)(=O)/C=C/c3ccccc3)CC2)nc2scc(-c3cccs3)c12,ZINC09217418,0
CCCCC(=O)N(CCC(C)C)[C@H](C)c1nc2cc(Cl)ccc2c(=O)[nH]1,ZINC35042703,0
COc1ccc(C(=O)N/N=C2\C(=O)N(CN3CCCCC3)c3ccc(Br)cc32)cc1OC,ZINC02296548,0
O=S(=O)(N[C@H]1c2cccc3cccc(c23)[C@@H]1Sc1ncccn1)c1ccc(Cl)cc1,ZINC00921806,0
CCn1c(CN(C)C(=O)N[C@H](C)CCc2ccc(O)cc2)nc2ccccc21,ZINC62477179,0
COc1cc(/C=N/NC(=O)COc2ccc(Cl)cc2Br)ccc1OC(C)=O,ZINC01444595,0
CC(=O)N[C@H](CC1=c2ccccc2=[NH+]C1)C(=O)OCC(=O)/C=C1\N(C)c2ccccc2C1(C)C,ZINC63814518,0
O=S(=O)(Oc1ccccc1)[C@H]1CC[C@]2(C1)C[C@@H](S(=O)(=O)Oc1ccccc1)C[N@H+]2Cc1ccccc1,ZINC39503262,0
CCCN(C(=O)c1cccc(O)c1O)[C@H](C(=O)NC(C)(C)C)c1cccc(O)c1,ZINC36571202,0
CNS(=O)(=O)c1cccc([C@@H](C)NC(=O)N[C@H]2c3ccccc3C[C@@H]2O)c1,ZINC67469126,0
CCNC(=O)NC(=O)[C@@H](C)SC1=NC(=O)C2=C3CCCC[C@H]3SC2=N1,ZINC39733257,0
C#C[C@]1(O)CC[C@@H]2[C@@H]3CCC4=C/C(=N\OCC(=O)NCCc5ccc(O)cc5)CC[C@@]4(C)[C@H]3CC[C@]21C,ZINC43741693,0
COC(=O)[C@H]1CC2=c3ccccc3=[NH+][C@H]2[C@H](c2ccc(OC)c(CSc3nc4ccccc4s3)c2)N1,ZINC63362908,0
CCOC(=O)CNC(=O)N1Cc2c(sc3c2CC[N@@H+](C)C3)-n2cccc2[C@H]1c1ccc(Cl)cc1,ZINC35427006,0
C[C@@]1(C(=O)NNS(=O)(=O)c2ccccc2)C[C@@]2(C)C[C@@](C)(C1)C(=O)NC2=O,ZINC08534675,0
CN1CCCc2cc([C@@H](CNC(=O)[C@@H]3CC(=O)N(c4ccc(F)cc4)C3)[NH+]3CCCC3)ccc21,ZINC38670514,0
CC[C@H](c1nnnn1C1CCCCC1)[N@@H+](CCc1ccccc1)Cc1cc2c(C)cc(C)cc2[nH]c1=O,ZINC13064850,0
CC(C)C[C@@]1([C@H]2CC[N@H+](Cc3ccc(O)cc3)CC2)NC(=O)N(CCc2cccs2)C1=O,ZINC12190700,0
COc1ccc(Cl)cc1/[NH+]=c1\oc2ccc(Cl)cc2cc1C(=O)NC[C@H]1CCCO1,ZINC67293082,0
CCN1C(=O)N[C@H](c2ccccc2C(F)(F)F)C2=C1CN([C@H](CC(C)C)C(=O)N1CCC[N@@H+](C)CC1)C2=O,ZINC34791501,0
CCOc1ccc2c(c1)=C[C@H]([C@H]([C@@H]1N=NNN1C(C)(C)C)[NH+]1CCN(c3cc(C)ccc3C)CC1)C(=O)[NH+]=2,ZINC39711432,0
Cc1nnsc1C(=O)Nc1sc2c(c1C(N)=O)CCCC2,ZINC09250873,0
CCCc1ccc(C(=O)[C@H](C)Sc2nnc(C3=c4ccccc4=[NH+]C3)n2-c2ccc(OCC)cc2)cc1,ZINC63221880,0
Cc1cc(C)c(NC(=O)CS[C@H]2N=NC(=O)[C@H]3C=C(c4ccc(C(C)C)cc4)NN23)c(C)c1,ZINC64701217,0
C=CC(C)(C)c1[nH]c2cc3c(cc2c1C[C@H]1NC(=O)[C@H]2CCCN2C1=O)C=CC(C)(C)O3,ZINC31161089,0
O=C(Oc1cccc(/C=N/NC(=O)[C@H]2COc3ccccc3O2)c1)c1ccccc1Br,ZINC01435222,0
Cc1ccc(C)c2sc(N(CCC[NH+](C)C)C(=O)[C@@H]3CCCN3S(=O)(=O)c3ccc(F)cc3)nc12,ZINC36660374,0
S=C(NC[C@H]1C[C@@H]2CC[N@H+]1C[C@@H]2CN1CCN(c2cccc[nH+]2)CC1)Nc1ccc(-n2cccn2)cc1,ZINC20503916,0
COCCCn1c(SCc2nc(N)nc(Nc3ccccc3C)n2)nc2cc(Cl)ccc2c1=O,ZINC11528213,0
CC[C@H](C)[N@@H+](CCNC(=O)Cc1ccc(/N=C2/N[C@@H]3CS(=O)(=O)C[C@@H]3S2)cc1)Cc1ccco1,ZINC20618138,0
COc1c(C)c[nH+]c(CN2CC(=O)Nc3c(Cl)nc(N)nc32)c1C,ZINC43071346,0
O=C(CNc1cccc2ccccc12)N/N=C1/C(=O)Nc2c(Br)cc(Br)cc21,ZINC12360376,0
O=C1CCc2cc(S(=O)(=O)Oc3ccc4ccccc4c3Br)ccc2N1,ZINC19681740,0
Cc1cc(C)cc(NC(=O)[C@@]23C[C@H]4C[C@@H](C2)C[C@](n2cnc(Br)n2)(C4)C3)c1,ZINC18172683,0
COc1ccc2c(c1)=C1CCN(C(=O)Nc3cc(F)ccc3F)[C@@H](c3ccc(C)cc3)[C@H]1[NH+]=2,ZINC63573478,0
N/C(CNC(=O)N[C@]12C[C@H]3C[C@H](C[C@H](C3)C1)C2)=N/O,ZINC40375606,0
Cc1cccc(N(C(=O)c2snc(C(N)=O)c2N)[C@H](C(=O)NCCC(C)C)c2ccc(F)cc2)c1C,ZINC12473046,0
Cc1cc(-c2cc(O)ccc2Cl)cc2nnc(Nc3ccc(C(=O)N4CC[NH+](C)CC4)cc3)nc12,CHEMBL399246,1
CC(C)[NH+](CCn1c(SCc2cc(=O)n3cc(Cl)ccc3n2)nc2ccccc2c1=O)C(C)C,ZINC28082017,0
[O-]c1c([C@@H](c2cccc(Br)c2)[NH+]2CCN(CCO)CC2)sc2nc(-c3ccco3)nn12,ZINC22798496,0
COc1ccc(Cn2c(=O)[nH]c3cc([C@@H]4[NH+]=C(c5ccc(SC)cc5)NO4)ccc3c2=O)cc1,ZINC64392520,0
O=S(=O)(Oc1ccccc1)[C@H]1CCCN(c2ccccc2O)[C@@]12CC[C@H](O)C2,ZINC39511825,0
Cc1ccc(NC(=O)c2ccc(C[NH+]3CCN(C)CC3)cc2)cc1Nc1nccc(-c2cccnc2)n1,CHEMBL941,1
CCc1ccc2[nH]c(=O)c([C@H](c3nnnn3C[C@@H]3CCCO3)N3CCN(c4cc(C)ccc4C)CC3)cc2c1,ZINC19941425,0
Cc1ccc(/N=N/c2cc(C)c(N)cc2N)cc1N,ZINC05798916,0
CN(C)c1ccc(CC(=O)N2CCc3c(sc4[nH]c(=O)n(-c5ccc(F)cc5F)c(=O)c34)C2)cc1,ZINC25142198,0
O=C(NCCC[N@@H+]1CCc2ccccc2C1)[C@@H]1CCCN(c2ccc(-c3noc(C4CC4)n3)cc2F)C1,ZINC40894117,0
COC(=O)c1ccc([C@@H]2Nc3ccc(/C(C)=N/NC(=O)c4ccccc4O)cc3[C@H]3C=CC[C@@H]32)cc1,ZINC09010262,0
C[C@H](Oc1ccc(C(C)(C)C)cc1)C(=O)/N=C1\N=N[C@@H](S(C)(=O)=O)S1,ZINC38599137,0
CC[C@]1(C)Cc2c(c(N3CCOCC3)[nH+]c3sc4c(c23)NC=[NH+][C@@H]4NCCN2CCOCC2)CO1,ZINC28286092,0
COc1ccc([C@@H]2Oc3ccc(Cl)cc3C3=C2[C@H](c2ccccc2)N2NC=NC2=N3)c(OC)c1,ZINC09345921,0
COC(=O)c1ccc([C@@H]([NH2+]Cc2ccc3c(c2)OCO3)[C@H](C[NH2+]Cc2ccc3c(c2)OCO3)C(=O)[O-])cc1,ZINC43209061,0
CC[C@@H](C)[C@@H]1[NH2+]C2(CCN(S(=O)(=O)c3cccc(C(F)(F)F)c3)CC2)N(Cc2ccccc2)C1=O,ZINC36027418,0
COc1ccc([C@H]2Nc3ccccc3NC3=C2C(=O)C[C@H](c2ccc(OC(C)C)c(OC)c2)C3)cc1O,ZINC21248882,0
Cc1ccc(S[C@@H]2CSc3nc(=O)c4cn[nH]c4n3[C@H]2c2ccccc2)cc1,ZINC32594519,0
NC(=O)NCc1cn(CC2CCN(C(=O)C3CCCCCC3)CC2)nn1,ZINC48501613,0
CC(C)(C)OC(=O)N1CCCC[C@@H]1CN/C(N)=[NH+]/C[C@H]1CCCO1,ZINC66243854,0
COc1ccc([C@@H]2C3=C([NH+]=C4N=C(SC)NN42)c2ccccc2O[C@H]3c2ccc(C)cc2)cc1OC,ZINC02209423,0
CCOc1ccccc1C(=O)N1C[C@H](C(=O)NCCc2c[nH]c3ccc(Cl)cc23)C2(CC[NH2+]CC2)C1,ZINC39676440,0
O=C(CSC1[NH+]=c2ccccc2=[NH+]1)Nc1cc(C2=C([O-])c3ccccc3C2=O)nc2ccccc12,ZINC63106918,0
N#CC1(NC(=O)CSc2nnc(-c3c[nH]c4ccccc34)n2C[C@H]2CCCO2)CCCCC1,ZINC36806112,0
Cc1ccc(N2C(=O)[C@H]3[C@@H](C2=O)[C@@]2(N[C@@H]3CC3=c4ccccc4=[NH+]C3)C(=O)Nc3c(C)cccc32)cc1,ZINC63479907,0
C=C(C)c1cccc(C(C)(C)NC(=O)N2CCN(C(=O)CC[NH+](C)C)CC2)c1,ZINC62127084,0
Cc1ccc(NC(=O)C[C@@H]2C(=O)Nc3ccccc3N2CC(=O)Nc2ccnn2C(C)C)c(C)c1,ZINC09603541,0
O=C(Cc1n[nH]c(=O)c2ccccc12)NCCC1=c2cc(Cl)ccc2=[NH+]C1,ZINC64600527,0
COc1ccccc1C[N@H+]1CC[C@H](N(c2ccc3c(c2)OCO3)S(=O)(=O)c2ccc(Cl)cc2)CC1,ZINC37587463,0
CCCCS(=O)(=O)c1ncc(C(=O)NC[C@H](c2ccc(C(C)(C)C)cc2)[NH+]2CCCC2)c(Cl)n1,ZINC40986274,0
CC(C)(C)c1ccc([C@@H](CNc2oc(COc3ccc(Cl)cc3)nc2C#N)[NH+]2CCCC2)cc1,ZINC35671334,0
Nc1c(C(=O)NC[C@@H]2CCCO2)sc2ccc(S(=O)(=O)N3CCCCC3)cc12,ZINC03048580,0
CCOc1cc([C@@H]2NC(N)=Nc3nc4ccccc4n32)cc(Cl)c1O,ZINC07127263,0
O=C([O-])[C@H]1C[C@H]2CCCC[C@H]2N1C(=O)N1CC[NH2+]CC1,ZINC48822900,0
CCc1c(C)sc2nc([C@]34C[C@H]5C[C@H](C[C@H](C5)C3)C4)nc(SCC(=O)NNC(C)=O)c12,ZINC12500084,0
COc1cccc(N2C(=O)[C@H]3[C@@H](C2=O)[C@]2([NH2+][C@@H]3Cc3c[nH]c4ccccc34)C(=O)Nc3ccc(F)cc32)c1,ZINC09129835,0
C[C@@H](C(=O)NC(N)=O)[N@@H+]1C[C@@H]2C[C@H]3C[C@@H](C2)C[C@@H]1C3,ZINC65968419,0
C[C@@H](C(=O)N[C@H]1CCCc2ccccc21)N1C(=O)N2CCC3=c4ccccc4=[NH+][C@H]3[C@@]2(C)C1=O,ZINC63362347,0
CC1=C(C(=O)OC(C)C)[C@H](c2ccc(OCc3ccccc3)cc2)C2=C(CC(C)(C)CC2=O)N1,ZINC00823439,0
CCCCc1ccc(C(=O)N2CCN(C(=O)C[N@H+]3CCc4sccc4[C@@H]3c3ccc(C)cc3)C[C@H]2C)cc1,ZINC34829769,0
COC(=O)[C@@H]1CC2=c3ccccc3=[NH+][C@H]2CN1C(=O)COc1ccc2c(-c3ccccc3)cc(=O)oc2c1,ZINC63350657,0
CCCOc1ccc([C@@H]2CC(=O)NC3=NC(SCCC)=NC(=O)[C@@H]32)cc1,ZINC64774283,0
C=CCNc1nc(N2CCN(S(=O)(=O)c3ccc(Br)s3)CC2)[nH+]c2ccccc12,ZINC41150826,0
CC[NH+](CC)[C@H](CNC(=O)c1ccc(S(=O)(=O)c2ccc(Br)cc2)o1)c1ccc(C)cc1,ZINC40323043,0
COc1ccccc1[C@@H](CNC(=O)c1ccc(S(=O)(=O)N(C)C)cc1)[NH+]1CCCCC1,ZINC59782600,0
CC(C)(C)[C@@H]1CCc2c(sc3c2C(O)=N[C@H](c2cccc(OC(=O)c4ccc5c(c4)OCO5)c2)N3)C1,ZINC10058965,0
CC[NH+]1CCN(c2ccccc2NC(=O)C(=O)N[C@@H]2CCC[C@H](C)[C@@H]2C)CC1,ZINC48687986,0
COC(=O)c1ccc(NC(=O)N2CCc3[nH]c[nH+]c3[C@H]2c2ccc(Br)cc2F)cc1,ZINC20733052,0
Cc1ccc(-c2noc(C[N@H+]3CCC[C@@H](C(=O)N[C@@H](C)c4ccc(N5CCC[C@H](C)C5)cc4)C3)n2)cc1,ZINC38891789,0
COc1ccc(C[N@H+]2CC[C@H]([C@H](Cc3ccc(F)cc3)N(C)Cc3cn(C)nc3C)CC2)cc1O,ZINC14977260,0
COc1ccc(C(=O)N2C[C@@H](C(=O)NCCc3c[nH]c4ccc(Cl)cc34)C3(CC[NH2+]CC3)C2)c(OC)c1,ZINC39676409,0
C=CCN1C(=O)N[C@H](c2cccc(Cl)c2)C(C(=O)OCC)=C1CN1CC[NH+](Cc2ccccc2)CC1,ZINC35640901,0
Cc1ccc(S(=O)(=O)N2CCC3(CC2)NCC[NH+]=C3NCc2ccc3c(c2)OCO3)c(C)c1,ZINC65074806,0
CCOC(=O)c1c(-c2ccc(C(C)C)cc2)csc1NC(=O)Cc1cn(C)c2ccccc12,ZINC62039268,0
CC(=O)c1cc2c(cc1NC(=O)c1cc3c(s1)CC[C@H](C)C3)OCO2,ZINC22916371,0
COC(=O)C1=C(C)Nc2[nH]c(=S)[nH]c(=O)c2[C@H]1c1cc(OC)ccc1OC,ZINC05072481,0
CC[NH+](CC)c1ccc([C@@H]2N(C(=O)c3ccc([N+](=O)[O-])cc3)CCN2S(=O)(=O)c2ccc(C)cc2)cc1,ZINC10078632,0
C[C@@H](SC1CCCC1)c1nc(=O)c2c(-c3ccco3)csc2[nH]1,ZINC21330652,0
CCOC(=O)C1=C(N)Oc2[nH]nc(C)c2[C@]12C(=O)N(Cc1ccc(Cl)cc1)c1ccccc12,ZINC40568865,0
COC(=O)[C@H](Cc1ccccc1)NC(=O)CO/N=C1\C=C2CC[C@H]3[C@H]4CC[C@H](O)[C@@]4(C)CC[C@H]3[C@@]2(C)CC1,ZINC12658607,0
Cc1ccc(NC(=O)CSc2nnc(C3=c4ccccc4=[NH+]C3)n2-c2ccccc2C)c([N+](=O)[O-])c1,ZINC63256849,0
CC(=O)N1CCc2cc(NC(=O)CN3C(=O)N[C@](C)(c4ccc(C(C)C)cc4)C3=O)ccc21,ZINC22496284,0
CONC[C@H](c1ccc(Cc2ccccc2)cc1)N1CC[NH2+][C@H](S(=O)(=O)Oc2ccccc2)C1,ZINC39531448,0
O=C(Cc1ccc(-n2c(=O)[nH]c3ccccc3c2=O)cc1)NC1CCCCCC1,ZINC02952595,0
CC[C@@H]1CCCC[N@H+]1CCCNC(=O)CN(c1cccc(C)c1C)S(=O)(=O)c1ccc(C)cc1,ZINC22347324,0
CCOc1cc(C[NH2+]CCNc2ccc([N+](=O)[O-])cc2Cl)cc(Cl)c1OCc1ccccc1,ZINC16688632,0
CC(=O)N1CCN(c2[nH+]cccc2C[NH2+]Cc2ccc(CC(C)C)s2)CC1,ZINC12463750,0
Cc1ccc2[nH]cc(CCNC(=O)[C@H]3CN(C(=O)[C@@H]4COc5ccccc5O4)CC34CC[NH2+]CC4)c2c1,ZINC39656103,0
Cc1c(C)c(C)c(S(=O)(=O)Nc2ccc3c(c2)OCC(C)(C)C(=O)N3CCC(C)C)c(C)c1C,ZINC38707634,0
O=c1c2c(-c3ccc(F)cc3)csc2ncn1Cc1csc(-c2ccc(F)cc2)n1,ZINC14815508,0
Cc1ccc(C)c2[nH]c(=O)c([C@@H](c3nnnn3C3CCCCC3)N3c4ccccc4C[C@@H]3C)cc12,ZINC06244797,0
C[C@@H]1C[C@H](C)CN(S(=O)(=O)c2ccc(NC(=O)CN3C(=O)N[C@@]4(CCCC[C@@H]4C)C3=O)cc2)C1,ZINC18350563,0
N#Cc1ccc(CNC(=O)[C@H]2CN(C(=O)c3cccnc3Sc3ccccc3)CC23CC[NH2+]CC3)cc1,ZINC39684913,0
CC[N@H+](Cc1nc2scc(-c3ccccc3C)c2c(=O)[nH]1)C[C@H](O)COc1ccc(Cl)cc1,ZINC36207669,0
O=C/C(=C\Nc1ccc2[nH]c(=O)[nH]c2c1)c1nc2ccccc2o1,ZINC00335336,0
COC(=O)[C@@H]1Cc2c([nH]c3ccccc23)[C@H]2C[C@@H]([NH2+]CCc3c[nH]cn3)C[C@@H](c3ccccc3F)N21,ZINC20504091,0
C[NH+](C)CCCn1c(SCC(=O)Nc2cc(F)ccc2F)nc2sc3c(c2c1=O)CCCC3,ZINC21994008,0
Cc1ccc([C@H]2[C@H]3[NH+]=c4ccccc4=C3C[C@H]3C(=O)N(c4ccccc4C(=O)NCCC(C)C)C(=O)N32)cc1,ZINC63373291,0
CCOc1ccc([C@@H]2/C(=C(\O)c3ccc(OC(C)C)cc3)C(=O)C(=O)N2CCC[NH+](CC)CC)cc1OC,ZINC09046604,0
C[NH+](C)CCN1C(=O)N[C@@](CCc2ccccc2)(C2CCN(C(=O)[C@@H]3C[C@@H]4C=C[C@H]3C4)CC2)C1=O,ZINC11838578,0
COCCCNC(=O)NNC(=O)c1[nH]nc(C2CC2)c1Br,ZINC65204437,0
C[C@H](C(=O)N(C)CC(=O)NC1CC1)N1CCCc2cc(OC(F)F)ccc21,ZINC55026819,0
C[C@H](NC(=O)C(=O)Nc1ccc2c(c1)OC(C)(C)O2)c1cccc2ccccc12,ZINC48873028,0
NC(=O)NCc1ccc(C(=O)/N=c2\[nH]c3ccccc3n2-c2ccccc2)cc1,ZINC54032018,0
O=C(CC1=c2ccccc2=[NH+]C1)N1CCC(N2c3ccccc3N[C@H]2COc2ccccc2)CC1,ZINC64151985,0
CCCn1c(O)nnc1S[C@H](C)C(=O)Nc1ccc(C(C)(C)C)cc1,ZINC20991192,0
C[C@H]1CCc2c(sc3nc(SCC(=O)Nc4ccc(C(=O)N(C)C)cc4)nc(N)c23)C1,ZINC23934213,0
C=C1NN(c2nc3ccccc3s2)C(=O)[C@@H]1/C=N/C(CO)(CO)CO,ZINC01814196,0
O=C(NC1CCCCCCC1)[C@@H]1CN(C(=O)COc2cccc(Cl)c2)CC12CC[NH2+]CC2,ZINC39659842,0
C[NH+](C)CCCN1C(=O)C(=O)/C(=C(/O)c2ccc3c(c2)OCCO3)[C@H]1c1cccc(Br)c1,ZINC08914152,0
Clc1ccc(OCCn2cccc2/C=N/N=c2/[nH]c3ccccc3s2)cc1,ZINC05099961,0
COc1ccccc1N(C[C@@H](O)C[NH+](Cc1ccccc1)Cc1ccccc1)S(=O)(=O)c1ccccc1,ZINC01836732,0
COc1cc([C@@H]2NC(=O)NC(C)=C2C(=O)OCc2ccc3c(c2)OCO3)cc(Br)c1O,ZINC04113664,0
Oc1ccc2ccccc2c1/C=N/Nc1nccnc1Cl,ZINC04947215,0
COc1cc(Br)c(CCn2c(N)c(Br)c(=O)[nH]c2=O)cc1OC,ZINC12418142,0
CCCCOc1ccc(C2=N[C@H]3Sc4cc(Cl)ccc4N3C2[NH2+][C@H]2CCC[C@H](C)[C@@H]2C)cc1,ZINC09490772,0
COC(=O)N[C@@H]1CC(C)=C(C)C[C@@H]1I,ZINC04973080,0
Cc1cccc(NC(=O)Cn2c(=O)n(CCCCC(=O)NC3CCCCC3)c(=O)c3ccccc32)c1C,ZINC45898541,0
C=CC(C)(C)[C@]12C[C@H]3C(=O)N[C@H](Cc4c[nH]c5ccccc45)C(=O)N3[C@@H]1Nc1ccccc12,ZINC39560024,0
O=C1N[C@@H](c2ccc(-c3cccc([N+](=O)[O-])c3)o2)[C@H](C(=O)c2ccccc2)[C@@](O)(C(F)(F)F)N1,ZINC08915354,0
O=C1c2ccccc2N[C@H](COc2cccc3ccccc23)N1/N=C/[C@@H]1C=c2ccccc2=[NH+]1,ZINC39314623,0
CCc1c(C)sc2c1CC[N@@H+](CC(=O)NCc1ccc(OC(C)C)cc1)[C@@H]2c1ccccc1,ZINC21045747,0
Nc1nonc1-c1nc2ccccc2n1CC(=O)N/N=C/c1ccc(-c2ccc(Br)cc2)o1,ZINC59596813,0
CC[C@H]1CCCCN1S(=O)(=O)c1ccc(C(=O)N(CCC[NH+](C)C)c2nc3c(C)cccc3s2)cc1,ZINC36643423,0
CC[C@@H](C)CNC(=O)[C@H]1CN(C(=O)C2CCN(C(=O)OCc3ccccc3)CC2)CC12CC[NH2+]CC2,ZINC39606560,0
Cc1cc(C)c2[nH]c(=O)c([C@@H](c3nnnn3C(C)(C)C)[N@H+](Cc3ccccc3)Cc3ccco3)cc2c1,ZINC06300600,0
CCOC(=O)c1c(NC(=O)[C@H](CC)Sc2cc(C)c3cc(C)cc(C)c3n2)sc(C)c1C,ZINC32529571,0
Cc1ccc(-n2c(=O)c3ccccc3n3c(S[C@@H](C)C(=O)Nc4ccccc4C(C)C)nnc23)cc1,ZINC16828009,0
O=C1C[C@H](c2ccccc2O)Nc2c1n(Br)c(=O)c1cc(-c3ccccc3O)cnc21,ZINC39449453,0
C=C(C)COc1cc2c(cc1Cl)[C@@H](C)[C@@H](CC(=O)NCCC1=c3ccccc3=[NH+]C1)C(=O)O2,ZINC63491064,0
CC(C)CCN1N[C@@H](C(=O)NC[C@@H](C2=c3ccccc3=[NH+]C2)c2ccccc2Cl)c2ccccc2C1=O,ZINC63237034,0
c1c2c(cc3[nH]c(CCC4CCCC4)nc13)OCCCO2,ZINC37400439,0
C[C@@H]1c2cc3c(cc2OC(=O)[C@@H]1CC(=O)N[C@@H](C)CC1=c2ccccc2=[NH+]C1)OC(C)(C)CC3,ZINC63386322,0
CC(C)Oc1ccc(C(=O)Oc2ccc3c(c2)OC(N)=C(C#N)[C@H]3c2cccs2)cc1,ZINC38656425,0
C=CCOC(=O)c1sc(N2C(=O)c3oc4cc(C)c(C)cc4c(=O)c3[C@@H]2c2cccc(O)c2)nc1C,ZINC35513097,0
CC1(C(=O)N2C[C@@H](C(=O)NCc3ccc(OC(F)F)cc3)C3(CC[NH2+]CC3)C2)CCCCC1,ZINC39673319,0
CCOc1ccc(CN2C(=O)c3ccccc3C2=O)cc1C(=O)NCC(=O)NCc1ccccc1,ZINC46728934,0
Cc1ccc(N2C(=O)[C@@H]3[C@@H]([C@H](O)c4ccc(Cl)cc4)N[C@@]4(C(=O)Nc5ccc(C)cc54)[C@@H]3C2=O)cc1,ZINC13734811,0
CC(=O)/[NH+]=c1/ccc2c(COC(=O)[C@@H](NC(=O)c3cccc(C)c3)C(C)C)cc(O)oc-2c1,ZINC39659027,0
CCOc1cc(C[NH2+]Cc2ccc3c(c2)OCO3)cc(Cl)c1OCc1ccc(Cl)cc1,ZINC16688474,0
CCNC(=O)N1C[C@H](C(=O)N2CCC(Cc3ccccc3)CC2)CC[C@H]1c1cccc(C)c1,ZINC34733275,0
C[C@@H](NC(=O)CN1C[C@H](C(=O)N2CCOCC2)Oc2ccccc21)c1ccc2ccccc2c1,ZINC58289551,0
CC[C@H]1S[C@@H](NC(=O)[C@@H]2CC(=O)N(CCC3=c4cc(F)ccc4=[NH+]C3)C2)N=C1c1ccccc1,ZINC63941346,0
C[C@@H]1[NH+]=c2ccc(OCc3ccccc3)cc2=C1CCNC(=O)[C@H]1CCCC[C@@H]1C(=O)OCC(F)(F)F,ZINC63514590,0
O=C(NC1CC1)c1ccc(C[N@H+](CC(=O)N2N=C(c3ccco3)C[C@H]2c2cccs2)C2CC2)cc1,ZINC25184783,0
CC(=O)/[NH+]=c1/ccc2c(COC(=O)[C@@H](NC(=O)c3ccccc3F)C(C)C)cc(O)oc-2c1,ZINC39653897,0
COc1ccccc1/C=N/n1c(N)c(C(=O)NCCC2=CCCCC2)c2nc3ccccc3nc21,ZINC02385373,0
CCOC(=O)c1c(NC(=O)[C@H]2CCCN(S(=O)(=O)c3ccc(C)cc3)C2)sc2c1CC[N@@H+](C)C2,ZINC14023323,0
N#C/C(=C\Nc1cccc2ccccc12)c1nc(-c2cc3cc(Br)ccc3oc2=O)cs1,ZINC02268626,0
CCn1c(NNC(=O)[C@H]2Cc3ccccc3O2)nc2ccccc2c1=O,ZINC58520671,0
CCNC(=O)[C@@H](C)Sc1nc2sc3c(c2c(=O)n1-c1ccc(C)cc1C)CCCC3,ZINC17532574,0
CC(C)C[NH+]1CCN(c2nc(SCC(=O)NC3CCCCC3)nc3sc4c(c23)CC(C)(C)OC4)CC1,ZINC34750225,0
CO[C@@H]1CCCC[C@H]1OC(=O)c1[nH]c2c(c1C)C(=O)CCC2,ZINC66534028,0
C[C@H]1CCC[C@H](NS(=O)(=O)c2ccc(NN)cc2)C1,ZINC35354912,0
CC1=C(C(=O)OC[C@H]2CCCO2)[C@H](c2ccc([N+](=O)[O-])cc2)C2=C(C[C@H](c3ccc(N(C)C)cc3)CC2=O)N1,ZINC20418927,0
COc1cc([C@@H]2Nc3ccccc3NC3=C2C(=O)C[C@@H](c2cc(OC)c(OC)c(OC)c2)C3)ccc1O,ZINC21256568,0
COC(=O)[C@H](c1ccccc1Cl)N1CC[NH+]([C@H](C)C(=O)Nc2ccccc2OC)CC1,ZINC29031764,0
O=c1[nH]c(C[N@H+](C[C@H](O)COc2ccccc2)C2CCCCC2)nc2sc3c(c12)CCC3,ZINC36159822,0
Cc1ccccc1-c1nc(C(=O)N2CCC[C@H](CNC(=O)C(C)C)C2)cs1,ZINC66658589,0
CC(C)C[C@H](NC(=O)[C@@H]1CC2=c3ccccc3=[NH+][C@H]2[C@H]2c3ccccc3C(=O)N21)C(=O)NCc1ccco1,ZINC63383950,0
CC(C)(C)c1ccc([C@H](CNc2oc(COc3ccc(Cl)cc3)nc2C#N)[NH+]2CCCC2)cc1,ZINC35671336,0
Cc1sc2nc(SCC(=O)NC3CCCCC3)nc(N3CC[NH+](CC(=O)N4CCCC4)CC3)c2c1C,ZINC34760094,0
CCOc1ccc(N2CC[NH2+][C@@H](S(=O)(=O)Oc3ccccc3)C2)c(-c2ccccc2O)c1,ZINC39530232,0
Cc1cc(C)c(/C=C/c2onc(C)c2S(=O)(=O)N2CCC(C(=O)NC3CCCCCC3)CC2)c(C)c1,ZINC33058964,0
O=C(CSc1ccc(C(F)(F)F)cc1[N+](=O)[O-])NNC(=O)C[C@]12C[C@H]3C[C@H](C[C@H](C3)C1)C2,ZINC22617164,0
CCCc1nc(N2CCN(C(=O)C3CCCC3)CC2)c2c3c(sc2n1)C[C@H](C)CC3,ZINC35866080,0
CCOC1=C[C@@H]2C[C@H]3CO[P@](=O)(c4ccccc4O)N[N@@H+]3C[C@@H]2C=C1c1ccccc1O,ZINC39467477,0
CCCCCC(=O)Nc1cccc(Nc2nccc(-c3cccnc3)n2)c1,CHEMBL56669,1
C[C@@H]1CCc2c(sc3nc([C@H](C)Sc4nc(C5CC5)n[nH]4)[nH]c(=O)c23)C1,ZINC12992288,0
[H]/N=C1C(=C/c2cc(C)n(-c3ccc(OC)c(Cl)c3)c2C)/C(=O)N=C2SC(c3ccccc3)=NN2/1,ZINC36589830,0
Cc1ccc(N2C(=O)NC(=O)[C@H]([C@H]3NCCc4c3[nH]c3ccccc43)[C@@H]2O)cc1C,ZINC38555951,0
COC(=O)C1=C(N)N(c2ccccc2C(F)(F)F)C2=C(C(=O)CCC2)[C@@H]1c1ccc2c(c1)OCO2,ZINC01059291,0
CC(=O)O[C@@]1(C)CC[C@H]2[C@@H]3CC=C4C[C@@H](O)CC[C@@H]4[C@H]3CC[C@@]21C,ZINC65734077,0
CCOc1ccc([C@H]2C(C#N)=C(N)Oc3cc(OC(=O)c4oc5ccc(CC)cc5c4C)ccc32)cc1,ZINC38701388,0
C[C@@H]1CCC[C@H](NS(=O)(=O)c2ccc(Cl)nc2)C1,ZINC26875252,0
CCOc1cc(C[NH2+][C@@H](C)[C@]23C[C@H]4C[C@H](C[C@H](C4)C2)C3)ccc1Oc1nnnn1-c1ccccc1,ZINC13729577,0
COCCn1nnnc1[C@@H]([C@H]1C=c2cccc(C)c2=[NH+]C1=O)N1CC[NH+]([C@@H]2Nc3ccccc3S2)CC1,ZINC39710792,0
Cc1cccc(-n2c(=O)c3c4c(sc3n3c(=S)[nH]nc23)C[N@H+](Cc2ccccc2)CC4)c1,ZINC09186778,0
N#Cc1ccc(NC2=C(N3CCCCC3)C(=O)c3ccccc3C2=O)cc1,ZINC05214928,0
C[C@@H]1C[C@H](C)C[N@H+](CCCCNC(=O)NN[C@]2(C)CCS(=O)(=O)C2)C1,ZINC46762770,0
Cc1ccc(-n2c(Cc3ccccc3)nnc2S[C@@H](C)C(=O)N2CC(=O)Nc3ccccc32)c(C)c1,ZINC16772574,0
Cc1ccc2nc(N(CCC[NH+](C)C)C(=O)[C@H]3CCCN3S(=O)(=O)c3ccc(Cl)s3)sc2c1,ZINC36704459,0
Cc1cc(C)c2c(N)c(C(=O)O[C@@H](C)C(=O)N3CCc4ccccc4C3)sc2n1,ZINC21924109,0
COc1cc([C@H]2c3c(-c4cc(C)c(C)cc4O)n[nH]c3C(=O)N2CCO)ccc1OCCC(C)C,ZINC16447792,0
CCOc1ccc2[nH]c(=O)c([C@@H](c3nnnn3Cc3ccc(F)cc3)[N@@H+]3CCc4ccccc4C3)cc2c1,ZINC06196866,0
Cc1ccc(N2C(N)=C(C#N)[C@@H](c3ccc([N+](=O)[O-])s3)C3=C2CCCC3=O)cc1Cl,ZINC12462310,0
COC(=O)c1ccc([C@H]2C3=C(C[C@@H](c4ccco4)CC3=O)Nc3ccccc3N2C(=O)c2ccccc2)cc1,ZINC09358228,0
C[NH2+][C@@H]1CCN(c2ccc(-n3ncc4cc(-c5ccc(C(F)(F)F)cc5)sc4c3=O)cn2)C1,ZINC34802297,0
CC(C)(C)c1ccc(-c2noc(C[N@H+]3CC[C@H](C(=O)NCCCN4CCc5ccccc54)CC3)n2)cc1,ZINC30977520,0
CCCCCCC(=O)N1C[C@@H](C(=O)NC[C@H](C)Oc2ccc(OC)cc2)C2(CC[NH2+]CC2)C1,ZINC39665751,0
CC[C@H](C)Sc1nc(=O)c2c([nH]1)NC1=C(C(=O)CCC1)[C@H]2c1cccnc1,ZINC05931417,0
CCC[C@@H](c1nnnn1CCc1ccccc1)[N@@H+](Cc1cc2ccc(C)cc2[nH]c1=O)C1CCCCC1,ZINC13499336,0
CC[C@@H](C)N1C(=O)[C@H](C(C)C)[NH2+]C12CCN(S(=O)(=O)c1ccccc1)CC2,ZINC40399660,0
Cc1c(C)c(C)c(S(=O)(=O)Nc2ccc3cn[nH]c3c2)c(C)c1C,ZINC07050498,0
CCc1ccc2c(c1)[C@]1(C(=O)N2)[N@H+]2CCC[C@H]2[C@@H](C(=O)c2ccccc2OC)[C@]12C(=O)Nc1ccccc12,ZINC12882721,0
Cc1ccc(CNC(=O)[C@@H]2CN(C(=O)c3c(C)noc3-c3cc(C)on3)CC23CC[NH2+]CC3)cc1,ZINC39634381,0
CCCOc1cccc([C@@H]2CN3C(=O)N(c4ccc(C)cc4)C(=O)[C@]3(C)[C@H]3[NH+]=c4ccccc4=C23)c1OCC,ZINC63374926,0
C[C@@H]1CCc2c(sc(NC(=O)CCSc3nc(-c4ccccc4)cc(C(F)(F)F)n3)c2C(N)=O)C1,ZINC58968214,0
COC(=O)C1=C(C)OC(=O)[C@@]12C(C(=O)OC(C)C)=C(N)Nc1ccccc12,ZINC20569098,0
Cc1ccc(NS(=O)(=O)c2cc(-c3ccc(=O)[nH]n3)ccc2Cl)c(C)c1,ZINC35378082,0
Cc1cccc(C)c1/C=C/n1cnc2c(Nc3ccc(P(C)(C)=O)cc3)nc(CCC#N)nc21,CHEMBL517256,1
Cc1ccc(-c2nc3c(C)cccn3c2CC(=O)Nc2sc3c(c2C(N)=O)CC[C@H](C)C3)cc1C,ZINC62039653,0
CCCCOc1ccccc1[C@@H]1C(C#N)=C(N)Oc2cc(OC(=O)c3oc4cc(C)ccc4c3C)ccc21,ZINC38700793,0
CCCN(Cc1nc2cc(Cl)ccc2c(=O)[nH]1)C(=O)c1sc2nc(C(C)(C)C)nc(C)c2c1C,ZINC12853011,0
CN(C)c1[nH+]cccc1C[NH2+]Cc1cn(C)nc1-c1cc2ccccc2o1,ZINC67188115,0
c1csc(CNc2ccc3n[nH]c(-c4nc5ccc(N6CCC([NH+]7CCCCC7)CC6)cc5[nH]4)c3c2)n1,CHEMBL376945,1
CCOC(=O)[C@H]1CCCN(C(=O)c2coc(C[N@H+](Cc3ccc(C)cc3C)[C@@H](C)c3ccccc3)n2)C1,ZINC36073591,0
CC(C)Oc1ccc(C(=O)NC(=S)Nc2ccccc2C(=O)NCc2ccco2)cc1Br,ZINC14659664,0
O=C(Nc1ccc(Cl)cc1Cl)[C@@H]1CCCN(c2ncnc3[nH]cnc23)C1,ZINC09060456,0
N#Cc1nc(-c2ccc(Cl)cc2)oc1NC[C@@H](c1ccco1)[NH+]1CCCCC1,ZINC27994422,0
CN(c1ccc(C(N)=[NH2+])c(Cl)c1)[C@@H]1CCS(=O)(=O)C1,ZINC61856573,0
Cc1nc(-c2ccccc2)sc1-c1ccc(=O)n(CCNC(=O)NCc2cccc3ccccc23)n1,ZINC49468242,0
Oc1ccc(Br)cc1/C=N/N1C(=S)[NH+]=N[C@H]1c1ccc(Cl)cc1Cl,ZINC38935931,0
Cc1n[nH]c2c1[C@H](c1ccc(OCc3ccccc3F)c(Cl)c1)C(C#N)=C(N)O2,ZINC09296314,0
CC(C)(C)CCNC(=O)N[C@H]1CCCCNC1=O,ZINC45668057,0
Cc1ccc(-n2c(NN)nc3ccccc3c2=O)cc1C,ZINC15424497,0
NC(=O)c1ccc(/[NH+]=c2\oc3ccc(Br)cc3cc2C(=O)NC[C@H]2CCCO2)cc1,ZINC67292334,0
Cc1cc(C(=O)NNC(=O)N[C@@H]2C[C@H]3CC[C@]2(C)C3(C)C)c(C)o1,ZINC46907034,0
Cc1ccc(N(C(=O)CCCC(=O)Nc2ccccn2)[C@H](C(=O)NC2CCCC2)c2ccc(F)cc2)c(C)c1,ZINC13027544,0
CCCCOc1cccc([C@H]2C(C#N)=C(N)Oc3cc(OC(=O)[C@H](C)Oc4ccccc4F)ccc32)c1,ZINC38685166,0
FC(F)(F)c1cccc(/N=C2/CSc3nnc(-c4ccccc4Br)n3N2)c1,ZINC26532286,0
NC(=O)[C@H]1CCC[N@@H+]1CC(=O)N1N=C2/C(=C/c3cccs3)CCC[C@H]2[C@@H]1c1cccs1,ZINC08944082,0
CCc1cc(=O)[nH]c(-n2nc(-c3cccs3)cc2NC(=O)/C=C\c2ccc3c(c2)OCO3)n1,ZINC11854594,0
Cc1[nH]c2ccccc2c1CCNC(=O)[C@H]1CN(C(=O)[C@@H](Oc2ccccc2)C(C)C)CC12CC[NH2+]CC2,ZINC44713596,0
CC(C)S(=O)(=O)c1cc(O)cc(/C=C2\CCCn3c2nc2c(-c4ccccc4O)cccc2c3=O)c1,ZINC39483510,0
O=C(N/C(=C\c1ccc2c(c1)OCO2)C(=O)N1C[C@H]2C[C@@H](C1)c1cccc(=O)n1C2)c1ccccc1F,ZINC20663118,0
COC(=O)C1=C(N)OC2=CC(C)=NC(=O)[C@@H]2[C@H]1c1ccc(Cl)c(Cl)c1,ZINC39355179,0
COc1ccc(-c2cc3nc(CN4CC[NH+](C/C=C/c5ccccc5)CC4)[nH]c(=O)c3s2)cc1,ZINC24716512,0
CCC(C)(C)n1nnnc1[C@H](c1cc2cccc(C)c2[nH]c1=O)[N@H+](Cc1ccccc1)Cc1ccc(F)cc1,ZINC06149597,0
COc1ccc([C@@H]2C(C#N)=C(N)Oc3cc(OC(=O)c4ccc(C(C)(C)C)cc4)ccc32)cc1OC,ZINC38658315,0
COC(=O)N/N=C(\C[C@]1(O)C(=O)Nc2ccc(Br)cc21)c1ccc(Cl)cc1Cl,ZINC17176564,0
CSc1ccc([C@@H]2c3c(-c4ccccc4O)n[nH]c3C(=O)N2CCCOC(C)C)cc1,ZINC09243671,0
CCOC(=O)c1c2c(nc3sc(C#N)c(N)c13)CCCC2,ZINC06721894,0
C[C@H](Oc1ccccc1)C(=O)N1C[C@H](C(=O)NC[C@@H]2CCCN(c3ncccn3)C2)C2(CC[NH2+]CC2)C1,ZINC39669384,0
O=C(C[C@@H]1C(=O)NCC[N@H+]1CC1CCCCC1)NCC1=CC=C[C@H]2N=CC=C12,ZINC39478764,0
O=C(N[C@]1(C(F)(F)F)C(=O)Nc2c1c(=O)[nH]c(=O)n2-c1ccccc1)C1CC1,ZINC01886615,0
C[C@H](O)C1(CNc2cc(Cl)nc(N)n2)CCCC1,ZINC01645742,0
Cc1ccc(C)c(C(=O)C2=C([O-])C(=O)N(c3nc4ccc(F)cc4s3)[C@H]2c2cccc(O)c2)c1,ZINC34954598,0
CCNC(=O)N(CC[NH+]1CCCC1)CC(=O)N1CCc2sccc2[C@@H]1COc1ccc(C(C)C)cc1,ZINC36122160,0
C[C@@H](CCc1ccccc1)NC(=O)[C@H]1CC[N@H+](Cc2nc(-c3ccc(C(C)(C)C)cc3)no2)CC1,ZINC30977409,0
CC(C)[NH+](C[C@@H](O)Cn1c(Cc2ccc(-c3ccccc3)cc2)nc2ccccc21)C(C)C,ZINC27697024,0
CC(=O)Oc1ccccc1C(=O)N1C[C@H](C(=O)N[C@H](C)c2nc3ccc(C)cc3[nH]2)C2(CC[NH2+]CC2)C1,ZINC44737036,0
CC(C)CCOc1cccc([C@@H]2C(C(=O)c3ccc(Br)cc3)=C([O-])C(=O)N2CCO)c1,ZINC40077008,0
Cc1ccccc1OC[C@H](O)C[N@H+](Cc1c(C)nn(-c2cccc(Cl)c2)c1Oc1ccccc1)C1CC1,ZINC35777121,0
CC[NH+](CC)CC(=O)N(NC(=O)C(O)(c1ccc(C)cc1)c1ccc(C)cc1)c1ccccc1C,ZINC03764833,0
CCc1ccc(NC(=O)CSC2=[NH+][C@@H](C(F)(F)F)C[C@H](c3ccccc3)N2)cc1,ZINC12848173,0
COc1c(F)cc(NCC(=O)N2c3ccccc3CC[C@H]2C)cc1F,ZINC55893440,0
CCN1CC2=C(OC(N)=C(C#N)[C@@H]2c2ccccc2OC(C)C)/C(=C/c2ccccc2OC(C)C)C1,ZINC39324514,0
O[C@]1(C(F)(F)F)C[C@@H](c2ccc[nH]2)NO1,ZINC15203054,0
C=CCN1CCCc2cc(/C=C(\C#N)C(=O)Nc3sc4c(c3C(=O)NC[C@@H]3CCCO3)CCCC4)ccc21,ZINC40114214,0
COc1cc(C(=O)[O-])c2c(c1C)OC(=O)c1c(C)cc(O)c(CC[NH3+])c1O2,ZINC44396596,0
CC[C@@H](Oc1ccc2c(c1)OCO2)C(=O)Nc1ccc(Br)cc1Br,ZINC27978490,0
Cc1ccc(NC(=O)[C@@H](C)Sc2nnc(C)n2-c2ccccc2C)c(Br)c1,ZINC17105523,0
CCOc1ccc2nc(N3C(=O)c4oc5cc(C)cc(C)c5c(=O)c4[C@@H]3c3ccc(O)cc3)sc2c1,ZINC40057722,0
C=CCNC(=O)CSc1nc(-c2ccccc2)c(NC(=O)[C@@H]2CC(=O)N(c3ccc(C)c(C)c3)C2)s1,ZINC12894970,0
COC[C@H](C)NC(=O)c1c2n(c(C)cc1=O)-c1ccc(Cl)cc1S[C@@H](c1ccccc1F)C2,ZINC15071107,0
C[C@@]1(c2ccc(F)cc2)NC(=O)N(CC(=O)NC[C@H](c2ccccc2)[NH+]2CCCC2)C1=O,ZINC22464473,0
CCC(C)(C)n1nnnc1[C@@H](c1cc2ccc(C)cc2[nH]c1=O)[N@H+](Cc1cccs1)C[C@@H]1CCCO1,ZINC06149281,0
C[C@H]1CC[N@H+](Cc2c(O)ccc3c(-c4cc5cc(Cl)ccc5oc4=O)cc(=O)oc23)CC1,ZINC08789098,0
COc1ccc([C@@H]2C(C(=O)OC(C)C)=C(C)N=c3s/c(=C\c4c(C)[nH]c5ccccc45)c(=O)n32)cc1,ZINC00680380,0
Nc1nc(COC(=O)c2cc3cc(Cl)ccc3o2)nc2ccccc12,ZINC18348865,0
CCCCc1nc(C[N@H+]2CC[C@H]([C@@]3(C)NC(=O)NC3=O)CC2)c(Cl)[nH]1,ZINC67434392,0
Cc1ccc2c(c1)=C[C@@H]([C@H]([C@@H]1N=NNN1C1CCCCC1)[N@H+](Cc1cccnc1)Cc1ccco1)C(=O)[NH+]=2,ZINC39710244,0
CCOc1ccc([C@@H]2CCC[N@H+]2CN2C(=O)N[C@@]3(C2=O)[C@H](C)CCC[C@@H]3C)cc1,ZINC43591268,0
CCCC[C@@H](CC)CN1C(=O)/C(=C\c2c(C)c(C#N)c(=O)n(CCC)c2N2CC[NH+](C)CC2)SC1=S,ZINC33812599,0
COC(=O)[C@]1(c2ccccc2)N[C@H](c2ccc(OC)cc2OC)[C@H]2C(=O)N(c3ccc(F)cc3)C(=O)[C@@H]21,ZINC19552054,0
Cc1n[nH]c2c1[C@@H](c1cc(COc3ccc(F)cc3)c(C)s1)C(C#N)=C(N)O2,ZINC05640655,0
O=C(NCC1([NH+]2CCCCC2)CCCCC1)C1CCN(S(=O)(=O)c2ccc3ccccc3c2)CC1,ZINC13017993,0
CCOc1cc([C@H]2c3c(O)n[nH]c3C[C@@](C)(O)[C@@H]2C(=O)OC)ccc1O,ZINC04908604,0
Cn1c(Cn2c(=O)sc3ccccc32)nnc1SCc1cccc2ccccc12,ZINC09413242,0
O=C1N[C@@]2(CCc3ccccc32)C(=O)N1Cc1c(F)c(F)c(F)c(F)c1F,ZINC08890625,0
C[N@H+](CC(N)=O)C[C@@H](O)COC(c1ccc(F)cc1)c1ccc(F)cc1,ZINC51827400,0
O=C1c2cccc(N3CC[NH+](Cc4ccc(-c5ccc(Cl)cc5)o4)CC3)c2C(=O)N1C[C@H]1CCCO1,ZINC12246735,0
CCOc1cccc(C(=O)Oc2ccc3c(c2)OC(N)=C(C#N)[C@H]3c2ccc(OCC(C)C)c(OC)c2)c1,ZINC38684236,0
CC(C)c1ccc(N2C([S-])=C(C#N)C(=O)N[C@@H]2c2ccc(-c3ccc(Cl)c(Cl)c3)o2)cc1,ZINC39887312,0
COc1ccc(CC[NH2+][C@@H]2CCc3c(sc4ncn(CC5CCCCC5)c(=O)c34)C2)cc1OC,ZINC14992747,0
CN(C)CC1=N[C@H]([C@@H]2CC/C(=C3\CC/C(=C/[NH+](C)C)N3)N2C(=O)C(F)(F)F)C=C1,ZINC39947990,0
O=C(NCCc1c[nH]c2ccccc12)[C@H]1CN(C(=O)c2ccc(Br)cc2)CC12CC[NH2+]CC2,ZINC39597683,0
CC(C)[C@@](C)(C#N)NC(=O)CN1CCCc2cc(F)c(F)cc21,ZINC26343488,0
CC[C@@H](C)[C@@H](C)n1nnnc1-c1cc(N)c(Cl)c(Cl)c1,ZINC49094987,0
O=C1c2ccccc2-c2c1cccc2C(=O)N1C[C@@H](C(=O)NCCOc2ccccc2F)C2(CC[NH2+]CC2)C1,ZINC39685040,0
COc1cc(NC(=S)N(Cc2ccccc2F)C2CC(C)(C)[NH2+]C(C)(C)C2)ccc1Cl,ZINC59094151,0
C[C@H](Sc1nnc(-c2ccccc2Br)n1N)C(=O)Nc1ccc(OC(F)F)cc1,ZINC22106812,0
O=C(NCCc1c[nH]c2ccccc12)[C@@H]1CCCN(c2nn3c(=O)c4c(nc3s2)CCCC4)C1,ZINC21663951,0
CN(C)c1ccc([C@H](CNC(=O)C(=O)Nc2ccccc2F)[N@@H+]2CCc3ccccc3C2)cc1,ZINC10188469,0
C[C@@H]1C[C@@H](CC(=O)NC[C@@H]2Cc3cccc(-c4ccc(S(C)(=O)=O)cc4)c3O2)NC(=S)N1,ZINC12123405,0
C[C@H](OC(=O)c1c2c(nc3ccccc13)/C(=C/c1ccco1)CCC2)C(=O)Nc1ccc(C(N)=O)cc1,ZINC21227809,0
CC[C@H](C)C(=O)N1CCC([C@]2(Cc3ccccc3)NC(=O)N(CC[NH+]3CCCC3)C2=O)CC1,ZINC11814909,0
Cc1cc(C)cc(NS(=O)(=O)c2ccccc2NN)c1,ZINC35354582,0
CCOC(=O)[C@@](O)(c1ccc(N(C)S(=O)(=O)c2ccc(C)cc2)cc1)C(F)(F)F,ZINC03158286,0
COc1cccc(N2C(=O)[C@@H]3[C@@H](C2=O)[C@@]2(N[C@@H]3CC3=c4ccccc4=[NH+]C3)C(=O)Nc3ccc(F)cc32)c1,ZINC63479932,0
CCNC(=O)N1CCN(C(=O)[C@H](Cc2c[nH]c3ccccc23)NC(=O)C2CCCC2)C[C@H]1C,ZINC34946985,0
O=C(CCNC(=O)Nc1ccccc1)NC[C@@H](C1=c2ccccc2=[NH+]C1)c1ccccc1Cl,ZINC63819166,0
CCN(C(=O)Nc1cn(C)c(=O)c2ccccc12)c1cc(C)ccc1C,ZINC06932144,0
CN(C)c1ccc([C@H](CNC(=O)/C=C/c2ccc(Cl)cc2)C2=c3ccccc3=[NH+]C2)cc1,ZINC63230366,0
O=C(c1ccc(Cl)cc1)[C@@H]1[C@@H](c2ccc(-c3ccccc3[N+](=O)[O-])o2)NC(O)=N[C@]1(O)C(F)(F)F,ZINC01312656,0
COc1cc2[nH+]ccc(Oc3ccc4c(C(N)=O)cccc4c3)c2cc1OC,CHEMBL271984,1
CC[C@@H](C)[C@H](NC(=O)[C@@H]1CS[C@H]2c3ccccc3C(=O)N12)C(=O)N[C@@H](C)CO,ZINC06623696,0
CCC(=O)N1N=C([C@@H]2C(=O)[NH+]=c3ccc(Cl)cc3=C2c2ccccc2)C[C@H]1c1ccc(Cl)cc1,ZINC64343344,0
Cc1c[nH+]ccc1N1N[C@@H](C(C)C)N[C@H]1c1cc(C#N)c(=O)[nH]c1C,ZINC65372287,0
CC1=C([C@H](C)NC(=O)[C@@H]2CN(C(=O)c3ccc4ccccc4n3)CC23CC[NH2+]CC3)[C@@H](C)N=N1,ZINC39674550,0
Cc1cc(-c2cc(O)ccc2Cl)cc2nnc(Nc3ccc(OCC[NH+]4CCCC4)cc3)nc12,CHEMBL400402,1
COc1cc([C@@H]2Nc3ccccc3SC3=C2C(=O)N(c2cccc(C)c2)C3=O)cc(OC)c1OC,ZINC02229585,0
CCOC(=O)Cn1/c(=N/C(=O)COc2ccc(C)cc2)sc2cc(S(N)(=O)=O)ccc21,ZINC38930507,0
CCCOc1ccc(C[N@@H+](C[C@H](O)COc2ccc(Br)cc2)[C@@H]2CCS(=O)(=O)C2)cc1,ZINC40316704,0
C[C@H]1Oc2ccccc2O[C@@H]1C(=O)N(CCCn1cc[nH+]c1)c1nc2ccc(Br)cc2s1,ZINC38847910,0
O=C(CN1C(=O)N[C@@]2(CCc3ccccc32)C1=O)NCc1ccc(-c2ccc(Br)cc2)o1,ZINC24895946,0
COC(=O)[C@H]1C(C)=NC2=C(C(=O)C[C@H](c3ccc(OC)cc3)C2)[C@@H]1c1ccccc1F,ZINC04663885,0
O=C(CSc1nc2ccccc2c(=O)n1-c1ccccc1F)N1CCC[C@H]2CCCC[C@H]21,ZINC24136882,0
CC[NH+](CC)CCCN1C(=O)c2oc3ccc(Br)cc3c(=O)c2[C@H]1c1ccc(OC)cc1,ZINC02890264,0
CC(C)[C@H](NS(=O)(=O)c1ccc2ccccc2c1)C(=O)NC[C@@H](c1cccc(F)c1)[NH+](C)C,ZINC22683168,0
NC1=[NH+][C@@H](c2ccc(N3N=C(c4ccccc4)C[C@H]3c3ccccc3)cc2)n2c(nc3ccccc32)N1,ZINC10059075,0
CCCS(=O)(=O)c1nc(S(=O)(=O)c2ccc(C)cc2)c(NCc2ccco2)s1,ZINC08684502,0
CC[C@@H]1Oc2c(N)cc(Br)cc2NC1=O,ZINC62541483,0
COc1cc(Nc2c(C#N)cnc3cc(OCCCN4CC[NH+](C)CC4)c(OC)cc23)c(Cl)cc1Cl,CHEMBL288441,1
CC(=O)[NH+]=c1ccc2c(COc3ccc(Br)cc3Br)cc(O)oc-2c1,ZINC21235388,0
Cc1ccc2cc([C@H](c3nnnn3C3CCCC3)[N@H+]3CC=C(c4ccc(F)cc4)CC3)c(=O)[nH]c2c1C,ZINC06442436,0
CCn1c(CN[C@H](c2ccccc2)c2cccs2)nc2cc(S(=O)(=O)N(C)C)ccc21,ZINC23983800,0
COc1ccc(-c2csc3nc(C[N@H+](C[C@@H](O)Cc4ccccc4)C4CC4)[nH]c(=O)c23)cc1,ZINC35746137,0
Nc1cc2c(cc1N[C@@H]1CCCNC1=O)CCC(=O)N2,ZINC50397381,0
COc1ccc(S(=O)(=O)NCC(=O)NC[C@@H](C2=c3ccccc3=[NH+]C2)c2ccc(N(C)C)cc2)cc1,ZINC63886895,0
CC(C)c1ccc([C@@H](NC(=O)CN2C(=O)COc3ccc([N+](=O)[O-])cc32)c2cccs2)cc1,ZINC24221190,0
Cc1ccc(-c2n[nH]cc2S(N)(=O)=O)c(C)c1,ZINC42415332,0
Cc1ccc(N2CCN(c3nc(N(C)C)c4c([nH+]3)CCN(S(=O)(=O)c3cccc(C)c3)C4)CC2)cc1,ZINC35919921,0
Cc1ccc2[nH]c(/C(C#N)=C/c3ccccc3OCc3ccc(Cl)cc3Cl)nc2c1,ZINC08450401,0
CC[C@H](C)[C@H](NC(=O)[C@@H]1CC2=c3ccccc3=[NH+][C@H]2[C@H]2c3ccccc3C(=O)N21)C(=O)NCCCOC,ZINC63383581,0
C[C@H]1CC(C)(C)C[C@]2(C1)NC(=O)N(CC(=O)N[C@@H]1CC[N@@H+]([C@@H](C)c3ccccc3)C1)C2=O,ZINC58169029,0
N#Cc1nc(-c2cccc3ccccc23)oc1NC[C@@H](c1ccco1)[NH+]1CCCC1,ZINC27562179,0
CC(C)C[NH+](Cc1c(O)ccc2c1O/C(=C/c1cc(Cl)cc3c1OCOC3)C2=O)CC(C)C,ZINC37857907,0
COC(=O)[C@H]([NH2+][C@@H]1C2=C(CCCC2)C(=O)N1[C@@H](C)c1ccccc1)c1ccc(C)cc1C,ZINC08952425,0
O=C(NC1CCCC1)[C@@H](Cl)c1cc(Br)c2c(c1)OCCO2,ZINC50982789,0
COC(=O)c1sc2nc(C[NH2+]C(C)(C)CO)ccc2c1NC(C)=O,ZINC14995438,0
C[C@H]1CCc2c(sc(NC(=O)CN3C(=O)N[C@]4(CCOc5ccccc54)C3=O)c2C#N)C1,ZINC09128160,0
C[C@H](c1nnc(S[C@H](C)C(=O)NCCC2=CCCCC2)n1-c1ccc(F)cc1)[NH+]1CCCCC1,ZINC09953087,0
CCc1ccc2nc(N(CC[NH+](C)C)C(=O)c3ccc(S(=O)(=O)N4CCCC[C@@H]4C)cc3)sc2c1,ZINC36637393,0
COc1cc([C@@H]2c3c(-c4cc(C)cc(C)c4O)n[nH]c3C(=O)N2Cc2ccc(C)cc2)ccc1O,ZINC02430467,0
CCOC(=O)C1=C(c2ccccc2)CS[C@@H]1NC(=O)CSc1nnc(C2=c3ccccc3=[NH+]C2)o1,ZINC63256632,0
Nc1c(Sc2cccc3cccnc23)ncnc1N(Cc1ccccc1)c1ccccn1,ZINC40799094,0
CCOC(=O)Nc1ccc2c(CN3C(=O)N[C@@](C)(c4ccc(Cl)cc4)C3=O)cc(=O)oc2c1,ZINC08623084,0
COC(=O)c1c(NC(=O)CN2C(=O)N[C@]3(CCc4ccccc43)C2=O)sc2c1CCC2,ZINC08890125,0
CC1([C@H]2CC[C@@H]3[C@H]4CC[C@@H]5CC6(CC[C@]5(C)[C@H]4[C@H](O)C[C@]32/C=N/O)OCCO6)OCCO1,ZINC35361518,0
Nc1c(NNC(=O)c2ccccn2)ncnc1N1CCc2ccccc21,ZINC40687408,0
C[NH+]1CCN(S(=O)(=O)c2ccc3c(c2)[C@H]2C=CC[C@H]2[C@@H](c2c[nH]c4ccccc24)N3)CC1,ZINC20720128,0
C[C@@H](OC(=O)c1nn(-c2ccccc2)c(=O)c2ccccc12)C(=O)NC(=O)NC1CCCCC1,ZINC39584038,0
CC(C)[NH2+]CCN(C(=O)Nc1cc(Cl)nc(Cl)c1)[C@@H]1CC[C@]2(c3cccc(C#N)c3)C[C@@H]2C1,ZINC28650011,0
Cc1cccc2cc([C@H](c3nnnn3C3CCCCC3)N(Cc3ccccc3)Cc3cccs3)c(=O)[nH]c12,ZINC20083011,0
CSc1nc(N2CCCCC2)c2cnn(C[C@@H](Br)c3ccccc3)c2n1,CHEMBL455164,1
CCCc1cc(=O)oc2c(C)c(O[C@@H](C)C(=O)NCc3ccncc3)ccc12,ZINC05325133,0
COc1ccccc1[C@H]1CC(c2c(-c3ccccc3)c3cc(Cl)ccc3[nH]c2=O)=NN1S(C)(=O)=O,ZINC13121742,0
Cc1onc(-c2c(F)cccc2Cl)c1C(=O)N1C[C@@H](C(=O)N[C@@H]2CCC[C@H](C)[C@@H]2C)C2(CC[NH2+]CC2)C1,ZINC39637290,0
COc1ccc(OC[C@@H](O)C[N@H+](Cc2nc3sc(C(=O)OC(C)C)c(C)c3c(=O)[nH]2)C2CC2)cc1,ZINC40404894,0
Cc1ccc(-c2nc3sc(N4CCN(C(=O)C5CCCCC5)CC4)nn3c2NC2CCCC2)cc1,ZINC64746174,0
COC(=O)N(C)c1ccc(N[C@@H](C)C(=O)Nc2ccc(C)cc2C)cc1,ZINC66392430,0
C[C@@H]1CCCC[C@@H]1CNC(=O)c1[nH]nc(C2CC2)c1N,ZINC50324642,0
CC(C)(C)OC(=O)N[C@@H](CC1=c2ccccc2=[NH+]C1)C(=O)N/N=C/C1=Cc2ccccc2OC1,ZINC63350616,0
CCOC(=O)C1=C(N)OC2=C(C(=O)C[C@@H](c3cccc(Cl)c3)C2)[C@]12C(=O)Nc1ccccc12,ZINC12412763,0
CCCCN1C(=O)c2oc3ccc(F)cc3c(=O)c2[C@@H]1c1cccc([N+](=O)[O-])c1,ZINC40021129,0
Cc1ccccc1N1C(=O)c2ccccc2[C@]1(O)c1ccc(F)cc1,ZINC48356593,0
CC(=O)c1ccc(-c2ccc3c4c(ccc3c2)O[C@H](CNC(=O)[C@H](C)[NH+]2CCOCC2)C4)s1,ZINC12048890,0
CCCOc1cccc([C@H]2C(C#N)=C(N)Oc3cc(OC(=O)c4sc5ccccc5c4Cl)ccc32)c1,ZINC38700973,0
C[C@H](CC(C)(C)c1ccccc1)NC(=O)[C@H]1CC[N@H+](Cc2nc(-c3ccc(Br)cc3)no2)CC1,ZINC30979759,0
N#Cc1cccc(NC(=O)N2Cc3[nH+]c[nH]c3C[C@H]2c2nc(-c3ccc4ccccc4c3)no2)c1,ZINC15675950,0
O=C(Nc1nnc(SCc2ccc(F)cc2)s1)c1ccc(F)cc1,CHEMBL255738,1
O=C1[C@H]2[C@@H](C(=O)N1C1CCCCC1)[C@]1(N[C@@H]2CC2=c3ccccc3=[NH+]C2)C(=O)Nc2ccc(Cl)cc21,ZINC63472945,0
CC(C)NC(=O)NC(=O)CSc1nnc(-c2cc3c(s2)CC[C@H](C(C)(C)C)C3)n1C,ZINC23484299,0
NNc1ccc(C(=O)N[C@@H]2CCCC[C@@H]2O)cc1[N+](=O)[O-],ZINC52016812,0
O=C([O-])[C@H](c1c[nH]c2ccc(CO)cc12)[NH+]1CCN(CC[NH+]2CCCC2)CC1,ZINC31815414,0
CC(C)(C)CC(C)(C)NC(=O)[C@@H](c1c(O)cc(O)cc1O)N(C(=O)[C@@H]1CCC(=O)N1)c1ccccc1Cl,ZINC36548369,0
Cc1ccc(-n2nnc(-c3nc(-c4ccc5c(c4)OCO5)cs3)c2N)cc1C,ZINC64948685,0
Cc1ccc(-n2nc(C(C)(C)C)cc2NC(=O)Nc2ccc(C)c(Nc3nccc(-c4cccnc4)n3)c2)cc1,CHEMBL1213973,1
Cc1cccc2c1NC(=O)[C@]21[C@@H]2C(=O)N(c3cccc(Cl)c3C)C(=O)[C@@H]2[C@H]2CCCN21,ZINC35843333,0
O=C(Nc1cc([N+](=O)[O-])ccc1Cl)[C@@H]1[C@@H]2C(=O)N(C3CCCCC3)C(=O)[C@@H]2[C@@H]2c3ccccc3C=C[N@H+]12,ZINC09185574,0
COC(=O)C1=C(C)N=C2SC=C(/C=C(\[O-])N3CCC([NH+](C)C)CC3)N2[C@H]1c1cccc(F)c1,ZINC35970498,0
[NH2+]=C1Nc2nc3ccccc3n2[C@H](c2ccc(-n3ccc(C(F)(F)F)n3)cc2)N1,ZINC54681189,0
CCC[N@@H+]1CCc2c(sc(NC(=O)[C@@H]3CCCN3S(=O)(=O)c3ccc(F)cc3)c2C(=O)OCC)C1,ZINC36660332,0
